Feeder,TransformerID,RatedKVA,Phase,Location,CustomerType,Lat,Lon
ALA07,46-114687,250,7,DCC_6004834228,2.0,8.435515075,98.77996982
ALA09,49-013062,30,2,ประปาหมู่บ้านบางหอย ม.2,4.0,8.66075231,98.758282461
ALA05,56-010980,30,2,ม.1 ต.ทับปุด,4.0,8.506285171,98.629311778
ALA09,63-024080,30,2,DCC_,1.0,8.509664748,98.721773042
ALA05,61-000488,50,7,บ้านมะรุ่ย,1.0,8.467386409,98.652615475
ALA05,51-008604,30,4,DCC_ประปาหมู่บ้านทุ่งสาลิกา ม.2,4.0,8.487230054,98.689688767
ALA09,37-013234,30,4,DCC_,1.0,8.519246122,98.71157616
ALA05,65-033324,100,7,ม.4 ต.มะรุ่ย อ.ทัปุด จ.พังงา,4.0,8.474610485,98.651413909
ALA09,66-112227,250,7,บริษัท วานิช ออยล์ จำกัด,2.0,8.518877852,98.701218544
ALA09,42-003276,30,1,DCC_,1.0,8.520462932,98.692603593
ALA05,37-009829,50,2,DCC_หจก.มะรุ่ย,1.0,8.448771361,98.647848963
ALA09,38-014919,30,2,DCC_,1.0,8.507641703,98.710335192
ALA09,60-002927,30,1,DCC_ปป.บ้านควนสบาย,1.0,8.542233035,98.706290477
ALA05,64-020663,160,7,ม.6 ต.ทับปุด,2.0,8.508826396,98.648758648
ALA09,65-031911,30,2,ไฟสาธารณะ,4.0,8.584651178,98.742036114
ALA09,66-014216,30,2,บ.บางแห้ง ม.2 ต.เขาต่อ อ.ปลายพระยา จ.กระบี่,1.0,8.655516965,98.757844161
ALA09,58-011573,160,7,ร.ร.อนุบาลบางเท่าแม่,4.0,8.613723712,98.752369379
ALA05,68-115049,30,4,ม.6 ต.มะรุ่ย อ.ทับปุด จ.พังงา,4.0,8.448419231,98.638201869
ALA09,61-107585,1000,7,โรงยางมะตอย,3.0,8.564705595,98.733202969
ALA09,60-005251,50,7,รพ.สต.บ้านเขาต่อ,4.0,8.570491944,98.740541627
ALA09,40-113571,50,1,สถานีโทรคมนาคมกรมช่างทหารอากาศบ้านทุ่งสูง,4.0,8.500566656,98.700500351
ALA05,66-007957,30,2,ทุ่งสาริกา,1.0,8.483140462,98.688474402
ALA09,48-007447,30,1,บ.ควนสบาย,1.0,8.553979004,98.703787026
ALA05,36-014697,160,7,DCC_,1.0,8.434960676,98.648334402
ALA09,62-104706,100,7,สนง.ก่อสร้างทางหลวง เขาต่อ-พนมม.2 ต.เขาต่อ,4.0,8.63934811,98.772299589
ALA05,49-116651,30,4,บริษัท.แอควานซ์.อินโฟร์.เซอร์วิส.สถานีอ่าวมะขาม,2.0,8.418508044,98.63986094
ALA05,55-115181,100,7,ฟาร์มกุ้งนายทรงศักดิ์ กะสิรักษ์,2.0,8.401431706,98.637958262
ALA01,40-000198,160,7,การปิโตรเลียมแห่งประเทศไทย ม.2 ต.อ่าวลึกเหนือ,2.0,8.380326069,98.741404537
ALA06,61-109117,2500,7,บมจ.ยูนิวานิช อ่าวลึก,3.0,8.385259766,98.729936025
ALA01,54-113849,500,7,ฟาร์มกุ้ง นายพิเชษฐ สุขุประการ,2.0,8.306031522,98.740072903
ALA06,49-114184,1250,7,บมจ.เอเชียนน้ำมันปาล์ม,2.0,8.381539218,98.716438318
ALA09,58-006180,30,1,บ้านหินดาน,2.0,8.46387728,98.737462812
ALA01,58-115090,100,7,บ่อกุ้ง นิภาพร เคลือสนิท,2.0,8.305485144,98.7400814
ALA03,56-115335,30,4,นายสุวิทย์  พิชคุณ,2.0,8.421703646,98.834929509
ALA02,06-105055,1000,7,บริษัทกระบี่วู้ดอินดัสตรี้ส์ จำกัด,2.0,8.338892759,98.767474227
ALA03,44-111432,630,7,โรงงานสกัดน้ำมันปาล์มพระราชดำริ,2.0,8.450919485,98.785874557
ALA03,40-000651,1000,7,บ.อันดามันปาล์ม จำกัด,2.0,8.426309754,98.767803782
ALA03,55-110762,1000,7,บ.วู๊ดเวอร์ค จำกัด,3.0,8.427078025,98.768678196
ALA02,40-000010,100,7,วิทยาลัยการอาชีพอ่าวลึก,4.0,8.291642527,98.794211321
ALA01,54-120983,500,7,บริษัท ไวท์ชิกเค้น จำกัด,3.0,8.269329397,98.785410613
ALA06,47-014424,500,7,นาง สมมิตร ภูมิภมร(ฟาร์มเลี้ยงกุ้ง),2.0,8.368185098,98.727532568
ALA02,62-000229,500,7,องค์การอุตสาหกรรมป่าไม้,3.0,8.338918342,98.885866782
ALA01,62-003034,30,1,ไฟทางหลวง บ้านไหนหนัง,4.0,8.265809257,98.781489523
ALA03,67-028481,30,2,"บ.แฟกซ์ไลท์ จำกัด สถานีบ้านช่องสระ ม,2 ต.เขาเขน",4.0,8.555551739,98.791795111
ALA03,57-010423,315,7,กระบี่พืชผล,2.0,8.430405355,98.814503243
ALA02,63-109171,500,7,ภาคใต้ทรายทอง,2.0,8.350540568,98.778367858
ALA02,64-001792,1000,7,อุตสากรรมเขาแก้ว,3.0,8.336804859,98.885766484
ALA01,37-004960,50,7,นายพรชัย ชูแสง (รง.อิฐบล๊อก),2.0,8.362646014,98.751329923
ALA03,55-112738,315,7,บ้านพัก บริษัทวู๊ดเวอร์ด,3.0,8.425197559,98.765513344
ALA02,59-102112,315,7,หจก.สมบูรณ์พรเจริญก่อสร้าง,2.0,8.351400058,98.780990585
ALA02,59-123486,1000,7,บริษัท มรกตชุมพรก่อสร้าง,2.0,8.341896443,98.765555713
ALA03,59-114490,1000,7,บริษัทไทยอิติเกรทปาล์ม,2.0,8.426155802,98.767665232
ALA06,50-112771,1250,7,บริษัทยูนิวานิชน้ำมันปาล์ม จำกัด,2.0,8.386120949,98.7294606
ALA06,64-006120,30,2,ไฟสาธารณะ,1.0,8.392584153,98.73729275
ALA03,49-012667,30,2,ประปาบ้านบางส้าน ม.2,4.0,8.532735836,98.80959567
ALA02,52-008822,50,7,นายเปี่ยมศักดิ์  สกลกิตติวัฒน์ (ที่อยู่อาศัย),2.0,8.274047879,98.802646031
ALA03,56-016451,30,4,ร้านปะยาง น.ส.ณัฏฐิกา  คงปาน,2.0,8.419077185,98.819430524
ALA03,58-105823,500,7,บริษัท นันทวรรธไชย,2.0,8.466409461,98.794646281
ALA03,63-024086,30,2,ช่องแบก,2.0,8.502338767,98.782726375
ALA03,59-009243,30,2,ไฟทางหลาง บ้านควนยิงวัว,4.0,8.529939968,98.790859483
ALA02,64-107034,400,7,โรงงานยางมะตอย,3.0,8.353866862,98.76307488
ALA07,54-015535,100,7,ธนาคารไทยพาณิชย์ จำกัด,2.0,8.397161124,98.743514306
ALA07,63-103524,30,2,ปากหยา ช่วง 2,1.0,8.495512656,98.849717252
ALA07,58-117715,500,7,หจก.ท่าทรายธุรกิจ,2.0,8.455184183,98.795336601
ALA07,59-112674,30,4,ไฟทางหลวง บ้านวังจา,4.0,8.527079734,98.880770122
ALA07,57-109990,50,7,หจก.ทวิน,2.0,8.53397784,98.865661292
ALA07,58-168657,30,4,ฟาร์มไก่ สุภาพร,2.0,8.448581212,98.837362235
ALA07,62-000900,500,7,อบต.อ่าวลึกเหนือ,4.0,8.407755044,98.782617792
ALA07,63-103526,30,2,ไฟสาธารณะช่วง 3,1.0,8.496264018,98.841248203
ALA07,59-003493,315,7,สหกรณ์กองทุนสวนยางน้ำจานสามัคคี,2.0,8.406290799,98.801646099
ALA03,65-017629,30,1,ปะปาช่องเหมาะ,4.0,8.423689321,98.817801867
ALA01,51-113872,250,7,บ.ครีเอทีฟ โรงโม่หิน อ่าวลึกน้อย,3.0,8.319842342,98.742075566
ALA01,56-121437,500,7,บ.ครีเอทีฟ โรงโม่หิน อ่าวลึกน้อย,3.0,8.320574323,98.741042007
ALA01,56-121438,800,7,โรงโม่หิน อ่าวลึกน้อย,3.0,8.320410409,98.741050851
ALA02,38-001242,50,7,นายอดุลย์ฯ (รง.อิฐบล๊อก),2.0,8.38085316,98.745123585
ALA02,40-843100,500,7,เสริมสงวนก่อสร้าง,2.0,8.320243111,98.789155617
ALA02,63-109131,500,7,โรงงานยางมะตอย,3.0,8.345120896,98.786984188
ALA09,27-007912,160,7,บริษัทสวนปาล์มสหกาญจน์ จก.,2.0,8.49729254,98.706593415
ALA06,57-103248,50,7,รับซื้อของเก่า นายวิมล,2.0,8.373513749,98.732266645
ALA07,65-019445,30,2,รพ.สต. น้ำจาน,4.0,8.403721584,98.799147902
ALA01,48-006815,30,2,นายวันโชค คงผล (ฟาร์มเลี้ยงแพะ),2.0,8.292899975,98.748242503
ALA02,34-005303,20,4,DCC_นายจักร์พงศ์ อิฐบล๊อก,2.0,8.314956215,98.775317734
ALA06,57-104728,100,7,โรงงานบริษัท กระบี่ เอ็นซี พลาสติก จำกัด,2.0,8.374672311,98.720789746
ALA06,57-010579,315,7,สภอ.อ่าวลึก,4.0,8.377228809,98.722486148
ALA06,49-012774,30,4,อบต.แหลมสัก,1.0,8.340444098,98.682415056
ALA01,65-113532,800,7,บริษัท ครีเอทีฟ มิเนอรัล จำกัด,3.0,8.321198688,98.741490548
ALA09,55-016487,30,2,DCC_บ้านบางโทง,1.0,8.532263572,98.710477861
ALA09,58-006814,30,4,DCC_ม.6 ซอยวัดบ้านนา ต.เขาต่อ,1.0,8.618568384,98.768144228
ALA09,65-101521,30,4,ไฟทางหลวง ซ.วัดบางโทง,4.0,8.519553976,98.725394929
ALA05,40-022666,100,7,ธนาคารออมสิน สาขาทับปุด ต.ทับปุด อ.ทับปุด จ.พังงา,2.0,8.515927928,98.637757135
ALA09,59-010260,30,1,ประปา ซอยผู้ใหญ่ไมตรี ปลายซอย,4.0,8.558372452,98.711519255
ALA05,52-113679,30,4,นาเหนือรีสอร์ท,2.0,8.500853136,98.677547026
ALA05,60-014880,50,7,โรงอิฐ นางวราภรณ์,2.0,8.50697708,98.676226165
ALA09,65-019990,30,2,ไฟทางหลวง แขวงพังงา จุด2,4.0,8.502509972,98.69735192
ALA05,00-065070,50,7,DCC_มะรุ่ย,1.0,8.456641286,98.650358732
ALA09,58-108913,250,7,นายอำนวย เพ่งกิจ,2.0,8.54116771,98.727398572
ALA09,38-007901,50,7,DCC_,1.0,8.620362763,98.757783686
ALA05,56-999999,315,7,นายคลาย ชิดเชื้อม.5,4.0,8.428689793,98.630095273
ALA05,42-003239,30,2,ซอยกันเอง,1.0,8.449665593,98.653760548
ALA05,57-004610,30,2,อนามัยนาเหนือ,1.0,8.502757353,98.696184032
ALA05,48-006807,30,2,บ.โทเทิ่ลแอ็คแซ็สฯ ม.3 ต.มะรุ่ย อ.ทับปุด,2.0,8.416957065,98.639466076
ALA09,40-022273,30,1,DCC_,1.0,8.550545249,98.721865862
ALA05,34-007514,50,7,สถานีวิทยุ บช.ภ.4ทับปุด,2.0,8.513211187,98.639748285
ALA05,64-111844,30,2,ประปา อบต.นาเหนือ บ้านปากลาว,2.0,8.478785713,98.657638892
ALA09,61-100280,500,7,บริษัท ตาปีแทรคเตอร์ จำกัด,3.0,8.652080363,98.779648882
ALA09,49-013079,30,2,ประปาหมู่บ้านบางเท่าแม่ ม.1,4.0,8.581628578,98.740644923
ALA05,37-007667,100,7,บริษัทเสริมศิลป์ เค.อาร์ จก,2.0,8.495640986,98.686372877
ALA09,50-116951,30,4,ประปาซอยข้างโรงเรียนบางเจริญ,4.0,8.520185611,98.725353681
ALA09,58-010794,30,4,ปะปา บ้านนา ม.6,1.0,8.618354118,98.758838526
ALA09,60-005252,50,7,ไฟทางหลวง หน้าสยามโมเดิร์น ม.2 ต.นาเหนือ,4.0,8.515168732,98.695172896
ALA09,59-010571,30,2,DCC_ซอยน้ำตกบางเท่าแม่,1.0,8.600802095,98.724305838
ALA09,66-015938,100,7,บมจ.ซีพีออลล์ เซเว่นปั๊ม ปตทนาเหนือ,2.0,8.518912137,98.7011282
ALA05,43-114109,250,7,ศูนย์พัฒนาฝีมือแรงงาน จ.พังงา,2.0,8.501027381,98.649164761
ALA09,36-013774,100,7,DCC_,1.0,8.507118826,98.680327358
ALA09,37-013235,30,1,DCC_,1.0,8.525685674,98.718061769
ALA09,66-021692,50,7,บ.โคกยอ,1.0,8.600225978,98.742320217
ALA09,35-008017,100,7,บ.บางเท่าแม่  ม.1  ต.เขาต่อ,1.0,8.58500141,98.742039322
ALA09,51-008600,30,4,ประปาหมู่บ้านซอยบางหินงาม ม.3,4.0,8.578456427,98.728379434
ALA05,42-003682,30,2,DCC_,1.0,8.488025892,98.643382132
ALA05,40-013309,30,4,DCC_,1.0,8.462240459,98.646249988
ALA09,60-038065,50,7,ปะปาบ้านบางหอยโขง,3.0,8.57352307,98.731394964
ALA06,39-112450,1000,7,ฟาร์มเลี้ยงกุ้ง นายปรัชญา ศรีสวัสดิ์,2.0,8.308184918,98.664828066
ALA07,46-111977,75,1,DCC_,2.0,8.515110068,98.896585497
ALA05,56-119830,30,2,บริษัท เกรชแลนด์ก่อสร้างจำกัด,3.0,8.488281344,98.716748533
ALA01,51-115245,400,7,บ.เอก-ชัยดัสทรีบิวชั่น ซิสเทม จก.(เทสโก้,2.0,8.390766773,98.742279883
ALA01,53-002141,30,4,โรงอิฐ สุกัญญา ม.3 บ้านกลาง,2.0,8.316385773,98.774207518
ALA02,45-113605,30,1,-,2.0,8.335938376,98.768966283
ALA02,48-007002,30,2,บริษัท โทเทิ่ลแอ็ดเซ็สคอมมูนิเคชั่นฯ (บ.ถ้ำเพชร),2.0,8.389404452,98.7889883
ALA07,64-015606,500,7,บริษัท น้ำดื่มไลค์ จำกัด ม.8 ต.ปลายพระยา,3.0,8.504748811,98.889003922
ALA06,67-113852,315,7,ปั๊มน้ำมัน PTTOR ช่องเขา,2.0,8.385155101,98.714891044
ALA02,30-002150,10,1,โรงทำอิฐน.ส.พรรณา แซ่ตั้ง,2.0,8.291713442,98.79300383
ALA01,49-118125,30,4,บริษัท แอดวานซ์อินโฟร์ฯ (สถานีฐาน บ.บากัน),2.0,8.300386463,98.746709078
ALA03,49-012747,30,4,ประปาหมู่บ้านน้ำซ่ำ ม.11,4.0,8.567639989,98.855239258
ALA03,49-014568,500,7,บริษัท บี.วี.ไมนิ่ง จำกัด,2.0,8.573361326,98.769298029
ALA03,38-021393,1000,7,-,2.0,8.57902765,98.919367625
ALA03,63-105868,30,4,นางนิตยา พรหมเมือง,2.0,8.614050675,98.83039137
ALA03,65-030084,30,4,แขวงทางหลวง,2.0,8.547176684,98.807866023
ALA03,65-019987,30,1,บ้านทะเลตก,4.0,8.630414361,98.84532839
ALA03,55-117322,30,1,นายเจริญ  ชนะกิจ,1.0,8.592240392,98.81947224
ALA03,60-113760,30,2,ไฟทางหลวง บ.ตัวอย่าง,4.0,8.555852043,98.809419553
ALA03,56-115846,1000,7,ลาภภักดีปาล์ม,1.0,8.558623393,98.796807534
ALA03,61-017910,500,7,โรงโม่บัลลัง ม.5  ต.เขาต่อ,3.0,8.572894487,98.769923415
ALA03,33-005273,500,7,บ้านพักพนักงาน บ.ยูนิวานิชน้ำมันปาล์ม จก,2.0,8.588537195,98.918750998
ALA03,49-012746,30,1,ประปาหมู่บ้านควนเขียว ม.3,4.0,8.665008134,98.872417947
ALA03,61-002971,30,2,ไฟทางหลวง แขวงทางหลวงพังงา,2.0,8.539146997,98.867292908
ALA06,42-003348,30,4,DCC_DCC_,4.0,8.294404114,98.660954789
ALA06,45-006048,50,7,หจก.โชคนำพา จำกัด (โวคอ่าวลึก)ม.7 ต.อ่าวลึกใต้,2.0,8.396504909,98.742561381
ALA06,38-014807,30,4,นายจรูญ นวลศรี,2.0,8.289753397,98.65798821
ALA06,36-008745,100,7,นางดุษณีฯ(สนุ๊กเกอร์),2.0,8.395433871,98.74114799
ALA01,41-000646,100,7,บริษัท ซี.พี.เซเว่นอีเลฟเว่น จำกัด (สาขาอ่าวลึก),2.0,8.396255418,98.742748909
ALA09,65-101180,50,7,วัดไพรสณฑ์,4.0,8.435376841,98.739813475
ALA07,49-013197,30,4,ประปาหมู่บ้านศรีพระยา ม.12,4.0,8.485007572,98.825081108
ALA07,51-009213,30,1,ประปาหมู่บ้านโคกแซะ ม.3,4.0,8.461989928,98.791899065
ALA02,39-002215,315,7,หม้อแปลง 315 KVA CT SCAN รพ.อ่าวลึก,4.0,8.402128786,98.742100547
ALA03,67-109043,315,7,ขนส่งอ่าวลึก,4.0,8.415040187,98.754552756
ALA03,67-018972,30,2,หม้อแปลงไฟทางหลว บางหล่อ-อ่าวลึก บ.ศรีพระยา จุดที1,3.0,8.488020948,98.829326204
ALA02,49-013088,30,2,อบต.บ้านกลาง,2.0,8.363387802,98.771139203
ALA03,49-007624,30,4,บริษัท โทเทิ่ลแอ็คเซ็สคอมมูนิเคชั่นฯ (บ.บางเหียน),2.0,8.555578115,98.878062997
ALA09,61-113353,160,7,หจก.ภาคใต้คอนกรีต,2.0,8.457574596,98.738050633
ALA01,53-119659,500,7,บ่อกุ้ง นายแสง ม.3  อ่าวลึกน้อย,2.0,8.303081336,98.73480722
ALA01,39-002565,500,7,นายดำรงค์ ถิ่นพังงา,2.0,8.305493334,98.719388998
ALA01,55-112326,500,7,บ่อกุ้งศักดิ์สยาม ลูกที่ 1,2.0,8.299996332,98.720029788
ALA01,55-112063,500,7,บ่อกุ้งศักดิ์สยาม ลูกที่ 2,2.0,8.299997627,98.719929441
ALA02,06-105057,1250,7,บริษัท อิเธอนัล ไฟเบอร์ อินดัสทรี จำกัด,2.0,8.38096459,98.747320596
ALA07,48-117657,30,1,DCC_,2.0,8.570931743,98.916032371
ALA02,29-110214,1000,7,บริษัทกระบี่น้ำมันพืช จำกัด,2.0,8.380826168,98.746456354
ALA02,68-105239,30,2,แขวงทางหลวงชนบทกระบี่ ม.2 ต.คลองหิน,4.0,8.299349338,98.811596458
ALA07,56-122674,30,1,ไฟทางหลวง บ้านปากหยา,4.0,8.499978825,98.837961347
ALA03,65-030076,30,4,ปะปาคลองปัญญา,4.0,8.597329762,98.841065458
ALA07,40-019938,30,1,ไฟสาธารณะทางหลวงสามแยกปลายพระยา,4.0,8.530950124,98.864040702
ALA05,34-004040,30,2,DCC_,1.0,8.41200431,98.630813862
ALA02,69-002765,30,2,มป.ทางหลวงชนบทที่14 บ้านเขาแก้ว,4.0,8.35311026,98.898324271
ALA06,69-002764,30,2,มป แขวงทางหลวงชนบทกระบี่  ถ.สาย กบ 1002,4.0,8.430201777,98.686129115
ALA03,58-116196,30,2,ไฟสาธารณะทางหลวงบ้านบางหลอ ม.4 ต.บางสวรรค์,4.0,8.583395238,98.933400046
ALA03,45-013273,30,1,อบต.คลองยา,1.0,8.396127932,98.880278027
ALA03,49-013196,30,1,ประปาหมู่บ้านบางใหญ่ ม.8,4.0,8.43424404,98.861971168
ALA03,40-001635,30,4,นางจิตร ปลอดภัย (โรงอิฐบล๊อก),2.0,8.391992063,98.865211281
ALA03,49-008908,30,1,ประปาหมู่บ้านน้ำรอบ ม.7,4.0,8.420106879,98.875012805
ALA03,68-110090,400,7,สถานีสูบน้ำบ้านทะเลหอย ม.10,3.0,8.64533342,98.846511948
ALA02,69-104174,315,7,บริษัท อีวี สเตชั่นชาร์จ จำกัด,2.0,8.297101275,98.789560712
ALA02,67-115141,400,7,บริษัท สุราษฎร์สุขสันต์ จำกัด,2.0,8.347462057,98.779366091
ALA05,36-020548,100,7,วัดศรัทธาราม ม.4 อ.ทับปุด,4.0,8.473633512,98.651816813
ALA05,46-009394,30,2,DCC_,1.0,8.497509298,98.687260359
ALA09,42-000744,30,2,DCC_,1.0,8.675854018,98.762701432
ALA09,51-008602,30,4,ไฟสาธารณะสำนักก่อสร้างทาง ที่3 จุด1,4.0,8.507432474,98.676275892
ALA05,36-019858,30,2,DCC_บ้านคลองจูด มะรุ่ย,1.0,8.427609645,98.636058147
ALA05,65-020013,30,2,บ้านมะรุ่ย ม.4,1.0,8.482360038,98.646585596
ALA05,63-103443,30,2,ไฟสาธารณะช่วง6,1.0,8.475566349,98.665705224
ALA09,65-031912,30,4,ไฟทางหลวง,4.0,8.590833866,98.743071572
ALA09,59-009269,30,2,ประปาบางเจริญ,2.0,8.535602177,98.759304099
ALA05,66-114243,160,7,ฟาร์มกุ้ง นายวันชัย สุวรรณวารี,2.0,8.404484379,98.638115527
ALA05,53-005956,100,7,การประปาส่วนภูมิภาค อ.ทับปุด,4.0,8.514991153,98.634630337
ALA09,56-113952,50,7,วัดเขาต่อ ม.4 ต.เขาต่อ,1.0,8.572212347,98.741681979
ALA05,47-006200,30,2,DCC_บ้านท่าสนุก,1.0,8.417026989,98.639767392
ALA05,67-005620,100,7,นางสัทธยา เชืงคีรี,2.0,8.496307081,98.689383183
ALA09,41-005143,30,4,DCC_,1.0,8.568116868,98.743802347
ALA05,35-009079,30,2,DCC_,1.0,8.46241539,98.658662901
ALA09,56-014935,30,4,DCC_บ้านทุ่งชักพระ,1.0,8.562676436,98.742061355
ALA05,48-006808,30,2,บ.โทเทิ่ลแอ็คแซ็สฯ ม.4 ต.มะรุ่ย อ.ทับปุด,2.0,8.476576061,98.649187315
ALA05,58-016851,50,7,ซอยมิตรภาพ 3,4.0,8.45045248,98.645382352
ALA09,37-009757,50,4,DCC_,1.0,8.536422135,98.740131018
ALA05,42-000244,30,4,DCC_,1.0,8.498337578,98.698292167
ALA09,66-018606,100,7,7-11 บ้านเขาต่อ,2.0,8.591849224,98.743830435
ALA05,50-006086,160,7,DCC_,1.0,8.410714678,98.642988093
ALA09,32-004191,20,4,DCC_,1.0,8.615920268,98.741872951
ALA05,59-009798,30,2,สี่แยกมะรุ่ย,2.0,8.476883893,98.649315582
ALA02,61-104835,500,7,บ.พี.เอส.ที.พาราวู้ด จำกัด,3.0,8.35558552,98.780919461
ALA06,54-018296,100,7,นายอัญ เตชาธรรมนันท์,1.0,8.386109149,98.714213085
ALA02,68-012567,30,2,แขวงทางหลวงชนบทกระบี่ บ้านเขางาย คลองยา,1.0,8.343634906,98.888221916
ALA06,48-000660,250,7,นายไพฑูรย์ คาวาฮารา (บ่อเลี้ยงกุ้ง),2.0,8.292723715,98.660312093
ALA03,68-107931,30,4,ประปาบ้านตัวอย่าง อบต.เขาเขน,4.0,8.557601659,98.812868141
ALA03,68-001231,30,2,ถ.เขาต่อ-ปลายพระยา ม.4 ต.เขาต่อ,1.0,8.567466469,98.769704164
ALA09,54-111922,50,4,รีสอร์ท  นายชุมพล  ม.1  เขาต่อ,2.0,8.582603946,98.741502045
ALA09,40-111405,50,7,บริษัท โทเทิ่ลแอ็คเซ็สคอมมูเคชั่น จำกัด (มหาชน),2.0,8.650014779,98.775854326
ALA05,58-006173,20,1,DCC_ศูนย์พัฒนาฝีมือ,1.0,8.500788375,98.649008186
ALA05,40-017985,30,2,DCC_,1.0,8.50044727,98.671123523
ALA09,54-015409,50,7,ศูนย์พัฒนาเด็กเล็กบ้านบางโทง,4.0,8.534533371,98.709794048
ALA09,64-008355,30,4,อบต.เขาต่อ,1.0,8.611234301,98.762768675
ALA05,55-015958,30,2,ม.1ต.ทับปุด,4.0,8.51530166,98.633157044
ALA09,66-110716,1000,7,บริษัท ฟาร์เมช จำกัด,3.0,8.572392177,98.734062515
ALA05,36-020623,160,7,ฟาร์มกุ้งนายอภิเดช หิโตปกรณ์,2.0,8.425805552,98.643289718
ALA09,28-009881,30,1,นายธเนศ บัญชาสุทธิกุล (โรงงานอิฐบล็อค),4.0,8.537030196,98.713645794
ALA09,36-014657,160,7,บ้านพัก บริษัท  ตาปีแทรคเตอร์  จำกัด,2.0,8.651877859,98.779099834
ALA09,60-038048,50,7,ประปา หลังอนามัยเขาต่อ อบต.เขาต่อ,2.0,8.569891413,98.741429197
ALA05,63-015791,30,2,บ้านป่าแต้ว,1.0,8.498986284,98.671758507
ALA09,49-014061,30,4,ไดมอนปารค์,1.0,8.513494147,98.688822359
ALA05,36-020620,100,7,ฟาร์มกุ้งนายปรีชา ฟูเฟื่องสิน,2.0,8.412456491,98.639228294
ALA09,63-015788,30,2,DCC_บ.บางหอย,1.0,8.641758144,98.77602342
ALA05,40-019662,30,2,DCC_,1.0,8.471738557,98.6718043
ALA09,65-100915,30,4,ไฟทางหลวง ซ.วัดบางโทง,4.0,8.525692433,98.724770575
ALA05,64-110467,30,2,ประปาบ้านป่าแต้ว ม.2,2.0,8.5027289,98.671638234
ALA05,40-013281,30,2,DCC_ม.3 ท่าสนุก มะรุ่ย,1.0,8.408911468,98.628466577
ALA09,44-113937,50,4,บริษัท แอดวานซ์อินโฟร์ฯสถานีฐานบ้านนางยวน ต.เขาต่อ,2.0,8.650567329,98.775958146
ALA09,42-003196,30,1,DCC_,1.0,8.548151226,98.714984826
ALA09,49-012663,30,2,บ.บางโทง,1.0,8.521094354,98.70245839
ALA09,40-022069,30,4,DCC_,1.0,8.651728626,98.788047978
ALA05,54-015317,50,7,ร.ร.บ้านท่าสุนก,4.0,8.416014069,98.638680213
ALA05,59-023269,100,7,7-11 บ้านมะรุ่ย,2.0,8.476652219,98.649900005
ALA05,59-122600,160,7,นายคลาย ชิดเชื้อ,4.0,8.425429991,98.632311078
ALA05,38-019939,250,7,DCC_บ้านจัดสรรหน้าซุปเปอร์ชิป,1.0,8.51282537,98.642290487
ALA09,62-003032,30,2,บ.บางอวด,4.0,8.551842546,98.730702625
ALA05,37-019462,50,7,DCC_,1.0,8.510628964,98.631117806
ALA09,59-009270,30,1,ประปา ม.5 ซ.ผู้ใหญ่ไมตรี,4.0,8.547817095,98.727253575
ALA09,40-022064,30,2,DCC_,1.0,8.547045563,98.737006572
ALA09,49-014058,30,2,นายชำนาญ เกลือนสินธ์ (โรงงานอิฐบล็อค),2.0,8.525312133,98.714285943
ALA05,57-004208,30,2,DCC_บ้านมะรุ่ย ลูกที่ 2,1.0,8.477121384,98.656653259
ALA09,40-011595,30,1,DCC_,1.0,8.553974349,98.733921295
ALA09,66-001573,50,7,วัดบ้านนา ม.6 ต.เขาต่อ,4.0,8.618489345,98.767767307
ALA09,62-103514,250,7,หจก.ชมพูนุช เซอร์วิส,2.0,8.507285131,98.6825035
ALA09,62-003585,30,2,ไฟทางหลวง แขวงทางหลวงพังงา สามแยกเขาต่อ,4.0,8.577665878,98.740542004
ALA09,51-008619,30,4,ไฟสาธารณะทางหลวง,4.0,8.498621494,98.702863417
ALA09,63-008671,30,1,DCC_,1.0,8.627047435,98.751617522
ALA09,40-022287,30,2,DCC_,1.0,8.603781237,98.734681886
ALA09,33-000325,10,4,เซาร์เทริน์,1.0,8.569055148,98.713869565
ALA09,64-100058,100,7,ฟาร์มไก่ นาย ไพบูลย์ ชัยทอง,2.0,8.583939891,98.746373169
ALA09,61-002690,30,2,DCC_รร.บ้านบางโทง,4.0,8.534338414,98.709943896
ALA09,65-101522,30,2,ไฟทางหลวง ซ.บางไทร2,4.0,8.509522993,98.722738124
ALA09,45-005825,250,7,วัดบางโทง ม.4 ต.นาเหนือ อ.อ่าวลึก,4.0,8.527592709,98.717994131
ALA09,54-000674,30,1,DCC_บ้านควนท้อน,1.0,8.539452058,98.706822413
ALA09,51-009212,30,2,DCC_บ้านบางแห้ง ม. 2,1.0,8.65958725,98.778932962
ALA09,51-113568,50,7,บริษัท ประเสริฐยางทอง จำกัด (สาขา1),2.0,8.515212248,98.69576107
ALA09,45-012400,30,2,DCC_ซอยน้ำตกบางเท่าแม่ ลูกที่ 1,1.0,8.588274823,98.734511757
ALA09,63-107864,30,1,ประปาบ้านนาต้นตอ,2.0,8.517409574,98.69167975
ALA05,32-004630,20,2,DCC_ซ.ห้องพักรีแล็ค,1.0,8.497001868,98.644112663
ALA05,49-113950,160,7,บ่อกุัง นายมานพ ชินการ ม.2 ต.มะรุ่ย อ.ทับปุด,2.0,8.421218441,98.640221281
ALA09,61-106475,100,7,ฟาร์มไก่ นายธีระเมธินท์ ซอยผู้ใหญ่ไมตรี,2.0,8.553254446,98.719405206
ALA09,42-000213,30,4,DCC_,1.0,8.632416442,98.765886701
ALA09,35-002632,30,1,DCC_,1.0,8.594414486,98.73497682
ALA09,56-011978,30,4,DCC_บ.บางโทง,1.0,8.522610718,98.725409258
ALA05,49-113864,500,7,น.ส.ธัญชนก ปุญโญกุล ม.3 มะรุ่ย,1.0,8.414329307,98.630124297
ALA05,49-013244,30,2,DCC_บ้านมะรุ่ย ลูกที่ 1,1.0,8.477260527,98.660044177
ALA05,61-001771,250,7,วิทยาลัยชุมชนพังงา,2.0,8.497322775,98.63040209
ALA09,45-113604,30,4,บริษัท ทรู บ้านเขาต่อ,2.0,8.569729785,98.735260537
ALA09,42-000020,30,1,DCC_,1.0,8.637715394,98.755195444
ALA05,42-000219,30,2,DCC_,1.0,8.483882329,98.670386467
ALA05,56-125642,160,7,นายคลาย ชิดเชื้อ ม.2,2.0,8.43080281,98.648732138
ALA09,65-109406,500,7,นาย จรูญ เจริญการ,2.0,8.595769136,98.744256606
ALA05,64-004505,50,7,ที่ทำการไปรษณีย์ทับปุด,2.0,8.515555433,98.638012286
ALA09,36-008725,100,7,DCC_,1.0,8.505687248,98.692796936
ALA09,59-000887,30,2,ฟาร์มหมู น.ส.อัญชลี บ้านบางไทร,2.0,8.507117488,98.733322253
ALA09,45-114356,30,4,DCC_,2.0,8.627968967,98.762182652
ALA09,61-108244,30,4,สถานีพัฒนาที่ดิน บางเจริญ,4.0,8.540329742,98.757058596
ALA09,54-001434,30,2,DCC_บ้านนาเหนือ ม.2,1.0,8.514473905,98.692334446
ALA05,67-033491,50,7,บริษัท เชลล์แห่งประเทศไทย จำกัด,2.0,8.517787808,98.636534681
ALA09,42-000019,30,2,DCC_,1.0,8.623618043,98.743177624
ALA09,65-017644,30,4,บ้านบางคราม,2.0,8.646371329,98.774957676
ALA09,66-018555,50,7,บ.โคกยอ,1.0,8.598594207,98.74583254
ALA09,45-013157,30,4,DCC_ม.5บ้านบางเจริญ ซ.ข้าง รร.,1.0,8.528970737,98.729778603
ALA09,58-015821,30,1,DCC_ม.2 ต.นาเหนือ,1.0,8.515563494,98.694461793
ALA05,60-001357,30,2,DCC_ซอยวัดนาเหนือ ลูกที่ 1,1.0,8.50260129,98.69094852
ALA05,67-101948,30,4,ไฟสาธารณะ ซ.ป่ายาง,1.0,8.452519549,98.639794294
ALA09,48-006659,30,1,บริษัท กสท.โทรคมนาคม จำกัด(มหาชน)(บ.นาเหนือ),2.0,8.507927931,98.678574391
ALA09,61-103669,100,7,บ.ตาปีแทรคเตอร์,2.0,8.645660982,98.77549541
ALA05,60-025299,160,7,ธนาคาร ธกส.สาขาทับปุด,1.0,8.511575963,98.643955765
ALA09,64-006121,30,1,วัดมหาธาตุ,2.0,8.529920968,98.719247614
ALA09,50-000733,30,1,ประปาหมู่บ้านบางโทง ม.3,4.0,8.534269966,98.709782979
ALA05,48-008229,50,7,โรงผลิตนํ้าดิบ ต.มะรุ่ย อ.ทับปุด,2.0,8.476554602,98.653303982
ALA09,67-018984,30,2,ไฟทางหลวง แขวงพังงา จุดกลับรถบ้านนา,4.0,8.635836255,98.768638537
ALA09,67-005422,50,7,โรงเรียนบ้านบางเจริญ,4.0,8.541962138,98.724221878
ALA09,56-000944,30,2,บ.ทุ่งทอง ม.7 ต.เขาต่อ อ.อ่าวลึก จ.กระบี่,1.0,8.603314299,98.747661604
ALA09,37-013236,30,2,บ.บางโทง,1.0,8.5292888,98.715771044
ALA09,65-101436,100,7,รีสอร์ท น.ส.จตุพร  ทุ่งคาใน,2.0,8.507440937,98.689771066
ALA05,47-006202,30,4,บังกะโลนางเรณุดา ลีพิน 78/8 ม.4 ต.มะรุ่ย อ.ทับปุด,2.0,8.490096869,98.641347098
ALA05,56-123931,500,7,ฟาร์มกุ้งนายสง่า ต.มะรุ่ย,1.0,8.400088484,98.636769176
ALA09,62-004192,30,2,บ้านบางแห้ง จุดที่ 6,4.0,8.657862812,98.77841739
ALA05,37-003928,50,4,DCC_-ตรงข้ามทับปุดวัสดุภัณฑ์,1.0,8.504876952,98.629105039
ALA09,66-014206,30,1,บ.ควน,1.0,8.533244089,98.690049455
ALA09,62-001441,30,1,ประปาบ้านบางเจริญ สระหลวง ม.5 ต.นาเหนือ,4.0,8.53248062,98.7481321
ALA09,63-106057,30,2,ประปาบ้านบางไทร ม.4 ต.นาเหนือ(ข้างบ้านผู้ใหญ่),4.0,8.507254811,98.710029477
ALA05,32-009762,20,2,DCC_บ้านไทรมาส,1.0,8.496509607,98.650933772
ALA09,46-111326,250,7,DCC_บริษัท นีโอเทคพลายวู๊ด,2.0,8.65132148,98.775956492
ALA09,52-006031,30,1,DCC_บ้านบางโทง ม.3,1.0,8.534106941,98.719090512
ALA09,45-013275,30,4,DCC_,1.0,8.577175647,98.7241101
ALA05,49-012574,30,2,DCC_,1.0,8.461227675,98.660034329
ALA09,51-009198,30,2,บ้านทุ่งทอง 1 เขาต่อ,1.0,8.606725749,98.748780918
ALA09,64-111843,30,1,ประปา อบต.นาเหนือ บ้านหัวควน,2.0,8.533931227,98.689758412
ALA09,51-008582,30,4,นางประวิง อินฉ้วน (ฟาร์มไก่),2.0,8.52089395,98.702129622
ALA09,59-009264,30,4,ประปาบ้านบางทอง ม.6 ต.นาเหนือ,4.0,8.539919859,98.740144771
ALA09,40-013163,30,4,DCC_,1.0,8.575776365,98.71784018
ALA05,42-000220,30,2,DCC_,1.0,8.474838403,98.678724363
ALA09,49-008883,30,1,DCC_,1.0,8.512952396,98.687956549
ALA09,56-001138,30,2,DCC_ซอยน้ำตกบางเท่าแม่ ลูกที่ 2,1.0,8.59610246,98.729108307
ALA09,40-013151,30,4,DCC_,1.0,8.565698839,98.71995571
ALA09,66-014147,160,7,ฟราม์ไก่ นายวิเชียร,2.0,8.633820224,98.746622689
ALA05,62-006642,30,2,DCC_เสริม บ.ปากลาว,1.0,8.493107159,98.67507432
ALA05,54-015319,50,7,โรงเรียนวัดนิโครธคุณากร,4.0,8.445328302,98.648384397
ALA05,56-119602,500,7,วินัย มั่งเจริญ (ฟาร์มกุ้ง) ม.1,4.0,8.401215005,98.636999491
ALA09,49-117875,30,4,บริษัท แอดวานซ์อินโฟร์ฯ (สถานีฐาน บ.บางเจริญ),2.0,8.541100023,98.720625821
ALA05,42-003886,30,2,DCC_,1.0,8.503537453,98.660706689
ALA09,48-006876,30,1,DCC_,1.0,8.519134259,98.682650082
ALA09,60-002967,30,1,นายวิจจิตต์ ดำคุ้ม,2.0,8.545440653,98.718587188
ALA05,55-123256,160,7,นายสมชาติ พลันการ ม.2 ต.มะรุ่ย,2.0,8.426824651,98.635942524
ALA09,49-013932,30,2,บ้านบางโทง,1.0,8.540057068,98.718753932
ALA09,40-013165,30,2,DCC_,1.0,8.585815883,98.732374346
ALA09,50-118953,30,4,ประปาหมู่บ้านบางเจริญ ม.5,4.0,8.539515842,98.728191171
ALA09,42-000214,30,4,DCC_,1.0,8.625589353,98.760401074
ALA05,40-013308,30,4,ซอยป่ายาง  มะรุ่ย,1.0,8.455617437,98.64031087
ALA05,59-004132,250,7,โรงเรียนทับปุดวิทยา ต.ทับปุด อ.ทับปุด จ.พังงา,4.0,8.499812833,98.631472209
ALA09,54-000769,30,2,บ.โคกยอ,1.0,8.604857327,98.736738815
ALA09,27-004985,100,7,DCC_,1.0,8.576756825,98.740553781
ALA09,64-111884,30,2,ประปาบ้านบางทอง อบต.นาเหนือ,2.0,8.550082829,98.723188778
ALA09,35-002675,30,1,นางศิรินทิพย์ฯ,2.0,8.51158661,98.684573289
ALA05,60-014983,50,7,DCC_หน้าธ.ออมสินทับปุด,1.0,8.516939833,98.637075369
ALA09,58-006181,30,1,DCC_บ้านควนสบาย ม.7,1.0,8.551154071,98.701181763
ALA05,68-115052,30,4,ฟสธ.จุดที่ 2 ม.6 ต.มะรุ่ย อ.ทับปุด,4.0,8.43996184,98.636791339
ALA05,35-010598,100,7,DCC_บ้านโคกไคร มะรุ่ย,1.0,8.4207659,98.641367646
ALA09,62-001730,30,2,บ.บางโทง,4.0,8.530826857,98.709458464
ALA09,58-103938,315,7,โรงไม้ นายจรูญ  เจริญการ,2.0,8.595701484,98.744430279
ALA09,64-113117,1500,7,บริษัท สยาม ชิกเค้น โปรดักท์ จำกัด,3.0,8.618576802,98.753608482
ALA09,40-013150,30,4,DCC_,1.0,8.561648955,98.723934995
ALA05,49-013521,30,2,ประปาบ้านป้าแต้ว ม.6,1.0,8.494668607,98.656039221
ALA09,40-022251,30,2,DCC_,1.0,8.639215541,98.779646321
ALA09,62-003584,30,4,ไฟทางหลวง แขวงทางหลวงพังงา,4.0,8.571792807,98.740002901
ALA05,59-007224,250,7,DCC_DCC_ม.1 ต.ทับปุด อ.ทับปุด,1.0,8.510795338,98.644024131
ALA09,62-003587,30,1,ไฟทางหลวง แขวงทางหลวงพังงา สามแยกเขาต่อ,4.0,8.578304941,98.740652467
ALA05,37-013181,30,2,หน้าห้องพักรีแล็กซ์,1.0,8.49962572,98.644077671
ALA09,61-000692,100,7,DCC_บ.บางอวด,1.0,8.561536183,98.73500627
ALA09,63-010328,30,1,DCC_บ.ทุ่งถั่ว,1.0,8.632734302,98.748486922
ALA09,62-107861,160,7,บ.ภิญาดา ปิโตรเลียม ปั๊มเอสโซ่ ม.4 ต.เขาต่อ,2.0,8.558858801,98.734728527
ALA09,40-013162,30,4,DCC_,1.0,8.578553351,98.72857943
ALA09,63-107863,30,1,ประปาบ้านควนสบาย ม.7,2.0,8.543661967,98.701696322
ALA09,40-019863,30,4,DCC_,1.0,8.55249727,98.730955821
ALA05,37-007709,100,7,DCC_บ้านคลองจูด,1.0,8.428526249,98.630318777
ALA05,25-002842,50,7,ชุมสายโทรศัพท์ทางไกลทับปุด,2.0,8.514717967,98.633165069
ALA05,67-108859,160,7,วัดนิโครธคุณากร,4.0,8.443720347,98.643438205
ALA09,37-014300,100,7,นายมพน้อย (ปตท.นาเหนือ),2.0,8.507397667,98.682331165
ALA05,43-113855,100,7,ศูนย์พัฒนาฝีมือแรงงาน ทับปุด,2.0,8.501044027,98.64915864
ALA09,40-022063,30,2,DCC_,1.0,8.547351786,98.744227101
ALA09,49-013063,30,2,ประปาหมู่บ้านเขาต่อ ม.4,4.0,8.606923346,98.734683161
ALA09,42-003277,30,1,DCC_,1.0,8.531652308,98.690423821
ALA09,50-006060,160,7,องค์การบริหารส่วนตำบลเขาต่อ,4.0,8.56909174,98.737945905
ALA09,57-011904,30,4,DCC_หลังวัดบางโทง ม.3 ต.นาเหนือ,1.0,8.526527516,98.724785343
ALA05,35-004073,100,7,DCC_ซอยเมรุเก่าไทรมาศ,1.0,8.513147057,98.633142196
ALA05,42-003952,30,1,DCC_บ้านมะรุ่ย,1.0,8.500815962,98.63300783
ALA09,99-115236,30,4,ดีแทค นาเหนือ,2.0,8.508290878,98.682074205
ALA05,46-114573,315,7,โรงไม้ บริษัท ชัยชนะพาราวู๊ด,2.0,8.507420935,98.670643256
ALA09,65-100916,30,1,แขวงทางหลวง,1.0,8.529226967,98.720415178
ALA09,06-105056,500,7,บริษัทวงศ์บัณฑิต จำกัด,2.0,8.524789726,98.705032124
ALA09,40-013164,30,2,DCC_,1.0,8.584523176,98.722790011
ALA09,53-002202,30,2,ประปาบ้านบางไทร  ม.4,2.0,8.509487317,98.71643762
ALA09,42-003218,30,4,DCC_,1.0,8.519428543,98.725902658
ALA05,45-012587,100,7,DCC_,1.0,8.477015471,98.64983727
ALA09,52-006013,30,4,DCC_บ้านบางอวด,1.0,8.558702596,98.733906509
ALA09,56-119523,30,1,โรงผลิตน้ำดื่มนายณัฎฐ์ แสวงการ,2.0,8.559184021,98.711395667
ALA05,53-119839,500,7,บ.เอส โอ อุตสาหกรรม จำกัด,2.0,8.510436368,98.645643928
ALA05,36-020564,100,7,DCC_,4.0,8.443972317,98.643864269
ALA09,58-006813,30,4,DCC_ม.5 บ้านบางเจิรญ ซ.ข้าง รร.,1.0,8.533927227,98.723909679
ALA05,59-022276,160,7,DCC_ม.2บ้านนาเหนือ (ข้างอนามัย),1.0,8.503097718,98.695897651
ALA09,54-001302,30,4,ซ.ข้างรร.บางเจริญ สุดท้าย,1.0,8.530581945,98.733390106
ALA09,40-022252,30,2,DCC_,1.0,8.641051235,98.784027493
ALA09,45-115242,30,2,DCC_,2.0,8.577997328,98.740431437
ALA09,48-006803,30,4,บริษัท กสท.โทรคมนาคม จำกัด(มหาชน) (บ.เขาต่อ),2.0,8.579868025,98.742340154
ALA05,61-107599,500,7,ฟาร์มหมู นายจรูญ เจริญการ,2.0,8.483594862,98.69244768
ALA09,67-018983,30,2,ไฟทางหลวง แขวงพังงา บ.นา,4.0,8.61022536,98.750221988
ALA05,48-008605,100,7,วิทยาลัยชุมชน พังงา,2.0,8.497388435,98.630365103
ALA09,62-001439,30,2,ประปาบางทอง ม.6 นาเหนือ,2.0,8.546992913,98.742745556
ALA09,60-005253,50,7,ไฟทางหลวง แขวงพังงา ก่อนถึงรร.บางเจริญ,4.0,8.541266151,98.721485799
ALA09,65-030078,30,4,ไฟทางหลวง จุด 9,4.0,8.630430224,98.764301764
ALA09,59-010563,30,2,DCC_ม.6 ซอยสมใจ ต.เขาต่อ,1.0,8.636630915,98.764660534
ALA09,58-006242,30,4,โรงอิฐ นายสุทธิพงศ์ ขวัญพร้อม,2.0,8.568842804,98.748696298
ALA05,49-014379,160,7,ที่ทําการ.อบต.ทับปุด อ.ทับปุด,4.0,8.503275741,98.630127694
ALA05,49-007581,30,4,ขยายเขตบังกะโลนายสมชาย บุญรักษ์ ม.1 ต.ทับปุด,2.0,8.510757922,98.631338753
ALA05,49-117269,800,7,นาย สหพล แซ่แต้,2.0,8.425791988,98.630441482
ALA05,48-006875,30,2,DCC_,1.0,8.488800373,98.677440514
ALA09,60-002432,50,7,บ.สินเจริญสนม จำกัด,2.0,8.508467722,98.682929757
ALA05,28-009740,30,2,DCC_ทับปุด ม.2,1.0,8.509261089,98.636473372
ALA09,63-024063,30,2,เสริมหม้อแปลง บ.บางหอย,1.0,8.646821124,98.775073325
ALA05,40-002459,30,2,บ้านไทรมาศ,1.0,8.498916582,98.657793703
ALA09,42-000030,30,4,DCC_,1.0,8.616293058,98.759989228
ALA05,59-025014,160,7,โรงเรียนวัดนิโครธาราม,4.0,8.515584422,98.633235588
ALA09,65-101523,30,2,ไฟทางหลวง ซ.บางไทร1,4.0,8.508728305,98.713621258
ALA09,36-020453,100,7,,2.0,8.51581689,98.700815013
ALA09,41-005101,30,4,บ้านทุ่งชักพระ,1.0,8.555981147,98.741838184
ALA09,62-003588,30,2,ไฟทางหลวง,1.0,8.595917951,98.744725796
ALA05,56-006308,100,7,ม.1 ต.ทับปุด,2.0,8.518583248,98.636429694
ALA09,32-012114,30,4,DCC_,1.0,8.540592791,98.737826484
ALA09,65-031914,30,2,ไฟทางหลวง,4.0,8.608397446,98.749503678
ALA09,60-103564,50,7,ฟาร์มไก่ นายเสฏวุฒิ,2.0,8.653493465,98.777708849
ALA09,51-008618,30,2,ไฟสาธารณะสำนักก่อสร้าง ที่3 จุด2(สี่แยกนาเหนือ),4.0,8.50695098,98.682387475
ALA09,51-009199,30,2,เขื่อนยายมิน,1.0,8.526816279,98.712692922
ALA09,61-104864,630,7,หจก.ภักสุธีโกศลการก่อสร้าง,3.0,8.514210002,98.699585358
ALA09,60-032526,30,1,DCC_,1.0,8.639746129,98.771773298
ALA09,68-011007,30,2,เขาต่อ ม.1 อ.ปลายพระยา,1.0,8.567767662,98.737340119
ALA05,99-009999,20,2,DCC_ประปาบ้านไทรมาศ,2.0,8.49492163,98.652433325
ALA09,42-000049,30,1,DCC_,1.0,8.624722847,98.753438331
ALA05,49-012575,30,1,DCC_,1.0,8.497956073,98.630204097
ALA09,57-004213,30,2,DCC_ประปาบ้านบางโทง,1.0,8.52395114,98.716265115
ALA09,63-017452,30,2,บ้านบางหอย ม.2 ต.เขาต่อ อ.ปลายพระยา,1.0,8.651636614,98.778536349
ALA05,54-015961,160,7,ศูนย์พัฒนาฝีมือแรงงานจังหวัดพังงา,2.0,8.500985396,98.649138569
ALA05,51-007920,160,7,อบต.นาเหนือ,4.0,8.497438431,98.675595692
ALA05,45-842063,500,7,,2.0,8.418133276,98.640939406
ALA05,63-103442,30,2,ไฟสาธารณะ ช่วง5,1.0,8.474811124,98.67809979
ALA05,62-103286,315,7,สภ.ทับปุด,2.0,8.514053649,98.639277194
ALA05,63-106390,30,2,ต.ทับปุด,4.0,8.510256859,98.630645402
ALA05,58-011433,160,7,อบต.มะรุ่ย,4.0,8.472804632,98.651190315
ALA09,49-113583,250,7,บริษัท เก้าพาราวูด จำกัด (โรงเลื่อยไม้ยางพารา),2.0,8.65125831,98.775928515
ALA09,53-001911,30,4,ประปา ม.2 นาเหนือ,2.0,8.508852824,98.696935865
ALA05,49-013351,30,2,DCC_บ.ปากลาว,1.0,8.499874953,98.677710959
ALA09,53-119597,500,7,วัดบางโทง,4.0,8.52664787,98.720327888
ALA09,65-031915,30,4,ไฟทางหลวง,4.0,8.616726598,98.753324862
ALA05,59-010261,30,2,ประปา บ้านป่าแต้ว,4.0,8.506794581,98.671292334
ALA05,64-021453,50,7,หน้า รร.ท่าสนุก,1.0,8.415604399,98.638705492
ALA09,42-001279,30,1,DCC_,1.0,8.544565013,98.700057711
ALA05,56-112044,315,7,นายจรัญ ชิเชื้อ,2.0,8.432893149,98.629939608
ALA09,50-000769,30,4,DCC_,1.0,8.531895125,98.749155994
ALA05,37-019477,50,7,DCC_บ้านโคกไคร มะรุ่ย,1.0,8.40231788,98.638911427
ALA09,49-012660,30,2,DCC_,1.0,8.66101852,98.759475007
ALA09,45-004793,30,2,DCC_,1.0,8.659731277,98.778167214
ALA09,51-117211,4000,7,บริษัท โมดิร์น กรีน พาวเวอร์ จำกัด,2.0,8.514421893,98.694730257
ALA09,62-003589,30,2,บ้านนา จุดที่ 4,4.0,8.620941515,98.756660702
ALA09,65-031910,30,4,ไฟทางหลวง นาเหนือ,1.0,8.557377026,98.733402738
ALA09,57-004211,30,2,DCC_บ.บางหอย,1.0,8.636550405,98.783546561
ALA09,31-002767,20,2,บ.บางแห้ง,1.0,8.670683683,98.762664064
ALA09,51-009225,30,2,DCC_,1.0,8.661321398,98.767859828
ALA09,56-116584,100,7,ฟาร์มไก่ นายจำเริญ  ทองโรจน์,2.0,8.543456701,98.70205531
ALA09,63-019989,100,7,ม.1 ต.เขาต่อ อ.ปลายพระยา,1.0,8.592540148,98.743513954
ALA05,32-011780,20,2,DCC_ม.6 ต.มะรุ่ย ซ.กันเอง,1.0,8.448283039,98.659220942
ALA09,41-005085,30,4,DCC_,1.0,8.571428612,98.743522016
ALA09,63-101691,1250,7,โรงน้ำแข็งศรีโรจน์,3.0,8.508180709,98.688437524
ALA09,59-010259,30,4,ประปา ม.5 ซอย รร.บางเจริญ,4.0,8.531642856,98.726075832
ALA09,06-105001,500,7,บริษัท บีไรท์รับเบอร์ จำกัด,1.0,8.516754902,98.700448321
ALA09,45-113606,30,2,DCC_ทรู บางไทร,2.0,8.503750124,98.699160359
ALA09,61-108814,250,7,DCC_สถานีพัฒนาที่ดินกระบี่ บ้านบางเจริญ ม.5,2.0,8.540050502,98.757050776
ALA09,44-111748,50,7,AIS ข้างเซเว่นบ้านเขาต่อ,2.0,8.577668871,98.73950742
ALA05,59-005641,30,2,บางเรี่ยมไทรมาศ,1.0,8.491006583,98.650413158
ALA05,42-003836,30,2,DCC_หน้าโรงเรียนวัดนิโครคุนากร,1.0,8.444956829,98.64896443
ALA09,40-022274,30,1,DCC_,1.0,8.559790584,98.709887282
ALA09,65-001212,100,7,โรงแพล็นปูน เขาต่อ,2.0,8.638006712,98.771214001
ALA05,51-008718,30,2,ประปาหมู่บ้านปากลาว ม.1,4.0,8.477431716,98.656315068
ALA05,52-116823,30,2,หน้า รพ.ทับปุด,1.0,8.500922992,98.629902016
ALA05,62-107941,800,7,นายจำนง แก้วน้อย,2.0,8.423840526,98.622414239
ALA09,66-110730,160,7,สถานีอัดประจุ EV ปั๊ม ปตท นาเหนือ,2.0,8.508504022,98.683098353
ALA09,56-125743,50,4,ฟาร์มไก่ นางขวัญจิต  โพธิงาม,2.0,8.520759167,98.711306946
ALA09,51-008601,30,4,ประปาหมู่บ้านซอยทุ่งทอง ม.7,4.0,8.619739075,98.740815197
ALA09,36-020234,30,2,DCC_,1.0,8.646208248,98.760830149
ALA09,32-004279,20,2,บ้านบางโทง ม.3 นาเหนือ,1.0,8.525899319,98.705914198
ALA09,62-003590,30,2,C-62-K-AULPY.0160.02.2,1.0,8.65269519,98.776836311
ALA05,61-002671,30,2,ฟสธ.แขวงทางหลวงชนบทพังงา ม.5 ต.มะรุ่ย,4.0,8.432568034,98.630060446
ALA05,37-019475,50,7,หจก.กฤษกรแก๊ส ทับปุด,2.0,8.507792806,98.664310392
ALA09,26-009720,100,7,DCC_บ้านบางเจริญ,1.0,8.543887382,98.726044148
ALA09,51-110188,160,7,บริษัท นาเหนือ เมทัลชีท จำกัด,2.0,8.509944423,98.684176894
ALA05,64-020504,50,7,ตร.ทางหลวง,1.0,8.506440292,98.683980774
ALA05,40-011589,30,4,ซ.ป่ายาง มะรุ่ย,1.0,8.462070769,98.64158829
ALA09,65-100917,30,1,ไฟทางหลวง ซอยวัดบางโทง1,4.0,8.535993494,98.719406165
ALA09,56-120839,30,2,สหกรณ์การเกษตรปลายพระยา,2.0,8.611806568,98.751519546
ALA05,57-004242,30,2,DCC_บ้านปากลาว  ม.1,1.0,8.478969599,98.671196243
ALA05,26-005682,20,2,DCC_บ.มะรุ่ย,1.0,8.493087637,98.639449183
ALA09,40-021973,30,4,DCC_,1.0,8.599718769,98.751919846
ALA09,65-031909,30,2,ไฟทางหลวง แขวงพังงา,4.0,8.524444894,98.704851143
ALA05,53-002188,30,4,วัดนาเหนือ,4.0,8.494736619,98.685329427
ALA09,37-005775,30,4,นายไพโรจน์ฯ (โรงงานอิฐบล็อก),2.0,8.578301904,98.741234479
ALA09,65-031913,30,4,ไฟสาธารณะ,1.0,8.602568971,98.747407336
ALA09,40-021974,30,2,DCC_,1.0,8.611194082,98.735823266
ALA09,49-007627,30,1,DCC_,1.0,8.591746466,98.745844944
ALA09,65-660242,30,1,ไฟทางหลวง,4.0,8.519013263,98.701434727
ALA09,47-006402,30,2,บ.นาเหนือ,1.0,8.537002081,98.713863158
ALA09,62-003033,30,4,ไฟทางหลวง แขวงพังงา ถ.นาเหนือ-เขาต่อ,4.0,8.564896184,98.736760754
ALA05,45-113607,30,2,ทรู มูฟ ปากลาว,2.0,8.47656144,98.655532117
ALA05,49-118459,500,7,นาง กุสมา เทพเฉลิม,2.0,8.415279344,98.629454897
ALA09,60-002914,30,1,DCC_ซอยวัดบางโทง,1.0,8.530739427,98.719389647
ALA09,31-003157,30,4,DCC_,1.0,8.539939475,98.727998223
ALA09,32-009981,20,4,DCC_,1.0,8.570350409,98.734477313
ALA05,35-006496,50,4,DCC_,1.0,8.486533767,98.690331176
ALA05,63-015673,30,1,DCC_น.ส.เขมิกา ทองเจิม,1.0,8.507384746,98.672024601
ALA09,41-006847,50,7,ฟาร์มไก่ นายสหัส  วงค์แฝด,2.0,8.587473909,98.74265092
ALA09,61-109873,30,2,เขาต่อรีสอร์ท (น.ส.กิตติพร บุญรักษ์),2.0,8.620311443,98.756030178
ALA09,41-005099,30,4,DCC_,1.0,8.571044039,98.749645412
ALA09,56-011514,30,4,วัดบ้านนา,1.0,8.603690304,98.758539828
ALA05,52-111235,30,2,ไฟสาธารณะ บ.บางทราย ม.2 ช่วงที่ 2,4.0,8.473739777,98.674806284
ALA09,50-000766,30,2,บ้านบางหอย ม.2 ต.เขาต่อ อ.ปลายพระยา,1.0,8.652361802,98.776743604
ALA09,30-002145,10,2,บ.บางไทร,1.0,8.507152378,98.732863552
ALA09,42-000198,30,1,บ้านควนสบาย,1.0,8.550660093,98.709291906
ALA09,66-112377,250,7,โรงเลื่อยไม้จิรัฐ,2.0,8.630135117,98.764010357
ALA09,65-030079,30,2,ไฟทางหลวง,4.0,8.638959707,98.771143068
ALA05,29-014933,10,4,บางรากไม้,1.0,8.50684309,98.668265777
ALA09,53-002059,30,4,DCC_บ.นา  ม.6  ต.เขาต่อ,1.0,8.613841196,98.751844887
ALA05,59-105328,50,7,ตุลารักษ์ โรงกลึง,2.0,8.501184067,98.698278348
ALA09,49-012977,30,4,ประปาหมู่บ้านนาบัว ม.3,4.0,8.525658855,98.710030386
ALA09,37-006027,30,2,หน้า อบต.เขาต่อ  ม. ต.เขาต่อ อ.ปลายพระยา,1.0,8.57119144,98.739833628
ALA09,38-014714,30,2,DCC_,1.0,8.620506081,98.75634913
ALA05,43-842074,500,7,เอส.โอ อุตสาหกรรม,3.0,8.510440639,98.64572478
ALA09,06-105002,500,7,บ.สยามโมเดิร์นปาลม์ จำกัด,2.0,8.514619067,98.695372317
ALA09,42-000002,30,4,DCC_,1.0,8.619220989,98.763930861
ALA09,54-114526,30,1,ฟาร์มไก่ นางละออ  เกื้อนะ ม. นาเหนือ,2.0,8.541298006,98.70266039
ALA07,47-112944,30,4,DCC_,2.0,8.449956535,98.854662114
ALA06,60-108668,30,2,ไฟทางหลวง อ่าวลึก - แหลมสัก,4.0,8.368357243,98.702386027
ALA03,66-110584,100,7,โครงการอ่างเก็บน้ำคลองหิน,2.0,8.348460948,98.8672228
ALA03,67-015621,100,7,มป.ปั๊มน้ำมัน สหกรณ์นิคมอ่าวลึก,2.0,8.392076241,98.866947542
ALA06,59-112250,30,2,ไฟทางหลวง บ้านทางสาย,4.0,8.399170841,98.705405208
ALA01,45-110287,30,2,บ.แอดวานซ์อินโฟ ม.3 ต.บ้านกลาง,2.0,8.329610835,98.769691657
ALA07,52-111836,50,7,ทิวเขารีสอร์ท,2.0,8.405291888,98.748859453
ALA03,67-015890,160,7,บ้านปากหยา ม.3 ต.ปลายพระยา,1.0,8.516321934,98.81959949
ALA03,61-002122,30,1,DCC_,1.0,8.635926651,98.843894369
ALA03,45-004840,30,1,DCC_,1.0,8.66067776,98.840849562
ALA02,49-008904,30,2,ประปาบ้านปากช่อง ม.5,4.0,8.391652008,98.894257613
ALA06,63-015662,30,2,เสริม บ้านเขาวง,1.0,8.369336123,98.731608729
ALA07,63-017715,160,7,บ.โคกแซะ,1.0,8.457680822,98.79124915
ALA07,64-106343,50,7,สวนทุเรียน นายณัฐพงษ์  ดูงาม,2.0,8.508365899,98.844202333
ALA07,65-019968,30,2,บ้านจัดสรร น.ส.หัทยา,1.0,8.538248974,98.86962025
ALA02,65-019961,30,4,ซอยหนองหมื่นบาน,1.0,8.340326258,98.808254606
ALA02,62-103975,50,7,ฟาร์มไก่ นางสาคร  ธัญรส,2.0,8.420132584,98.739435453
ALA01,59-010609,30,4,DCC_ปป.บ้านน้ำผุด,1.0,8.318467908,98.7644564
ALA06,60-108667,30,2,ไฟทางหลวง บ.ถ้ำเสือ,4.0,8.407822289,98.676092734
ALA07,57-110070,30,1,ทางหลวงชนบท บ้านคลองพระยา,4.0,8.503879874,98.882144504
ALA02,37-005136,315,7,วิทยาลัยการอาชีพอ่าวลึก,4.0,8.291543235,98.794122424
ALA03,54-001426,30,2,DCC_บ้านบางโสก ม.5,1.0,8.581649676,98.754873317
ALA07,53-006288,160,7,DCC_บ้านหาดถั่ว  ม.7,1.0,8.559124847,98.908043126
ALA07,62-006631,30,2,DCC_บ.เขาเขนใน ม.2,1.0,8.49865924,98.84721856
ALA03,63-015797,30,1,DCC_สหกรณ์ ซอย 7,1.0,8.434597201,98.868109454
ALA03,36-008688,100,7,DCC_ข้างที่พักสายตรวจเขาเขน,1.0,8.55542537,98.810766981
ALA03,54-010974,250,7,DCC_บ.ตัวอย่าง ม.3 เขาเขน,1.0,8.547358493,98.825341692
ALA02,63-015795,30,2,ไฟทางหลวง บ.เขางาม,4.0,8.361167046,98.782174666
ALA03,63-009831,160,7,รร.นิคมสหกรณ์,1.0,8.405310925,98.848704759
ALA02,29-009779,10,2,บ.เขางาม,1.0,8.352042861,98.782939686
ALA02,58-108344,30,2,ฟาร์มไก่ วีรวัฒน์ ม.1 ต.บ้านกลาง,2.0,8.354804537,98.771133454
ALA02,61-103965,30,2,ฟาร์มไก่ วีรวัฒน์  ฟาร์ม2 ม.1 ต.บ้านกลาง,2.0,8.35480192,98.770753765
ALA03,65-000844,50,7,ฟราม์ไก่,2.0,8.519672037,98.779608728
ALA06,32-009972,20,2,ซอยท่าหมาก,1.0,8.364486489,98.71008051
ALA06,40-022283,30,2,บ้านไสโต๊ะดำ,1.0,8.285295662,98.649706156
ALA06,63-028500,160,7,บ้านแหลมสัก,1.0,8.277726094,98.651152154
ALA06,54-000664,30,2,บ.หินราว,1.0,8.354492713,98.679806958
ALA01,66-003876,100,7,ในยวญแขก,1.0,8.360031204,98.74976486
ALA07,66-021777,100,7,ที่ดินจัดสรร,1.0,8.534832201,98.868451325
ALA03,47-006142,30,1,DCC_,1.0,8.502710199,98.797795924
ALA03,35-002689,30,1,DCC_,1.0,8.498327562,98.809246311
ALA03,58-015621,30,4,DCC_,1.0,8.507446204,98.817132083
ALA03,49-012662,30,4,DCC_,1.0,8.508351471,98.828238909
ALA07,49-008919,30,2,DCC_,1.0,8.49570337,98.852949682
ALA07,40-023433,50,7,DCC_,1.0,8.505534929,98.874422596
ALA07,42-000745,30,1,DCC_,1.0,8.495740229,98.87758427
ALA07,38-007195,30,2,DCC_,1.0,8.512173485,98.864401467
ALA03,40-022288,30,4,DCC_,1.0,8.522749071,98.858732644
ALA03,46-115130,30,2,DCC_,2.0,8.532759899,98.85990446
ALA03,32-011860,20,2,DCC_,1.0,8.575912588,98.750540408
ALA03,51-008584,30,2,DCC_,1.0,8.575678046,98.800153224
ALA03,45-115709,100,7,,4.0,8.532631337,98.861995469
ALA03,67-022152,160,7,ประปาอำเภอปลายพระยา,4.0,8.535082162,98.864081012
ALA07,42-003571,30,4,DCC_,1.0,8.542456283,98.868927147
ALA07,26-009352,100,7,DCC_ตลาดปลายพระยา,1.0,8.531686505,98.864620067
ALA03,49-012974,30,2,DCC_,4.0,8.577014037,98.919730622
ALA03,42-003427,30,1,DCC_,1.0,8.420853705,98.816270242
ALA07,28-008217,30,4,DCC_,1.0,8.49417777,98.881566743
ALA06,63-008685,30,2,บ้านเกาะใน,1.0,8.359177676,98.709571617
ALA07,58-112238,160,7,นายดุสิต  พันธ์แดง (บังกะโล),2.0,8.406978129,98.749711621
ALA03,63-019988,100,7,7-11 อ.ปลายพระยา,2.0,8.535844864,98.865829916
ALA01,63-101653,100,7,หจก.หนูเพียรส่งเสริมโยธา,2.0,8.327697697,98.770732134
ALA07,64-021170,100,7,CP ALL,2.0,8.499258064,98.881906522
ALA06,65-105918,30,2,เทศบาลอ่าวลึกใต้,4.0,8.373137462,98.717404473
ALA01,60-001365,30,2,DCC_บ้านนาแค,1.0,8.296761174,98.757145937
ALA03,67-028412,30,2,อบต.คลองยา ประปา ซ.สหกรณ์18,4.0,8.351357751,98.869712533
ALA06,59-014797,100,7,โรงเรียนอ่าวลึกใต้,4.0,8.382301652,98.725871089
ALA02,59-014576,50,7,DCC_ม.4 บ้านเขาแก้ว,1.0,8.362262954,98.905961864
ALA02,59-023143,100,7,เซเว่น อีเลฟเว่น ปตท.อ่าวลึก,2.0,8.366838457,98.749375311
ALA02,67-034541,30,7,ไฟทางหลวงแขวงทางหลวงพังงาจุด2,4.0,8.398319651,98.742761338
ALA06,65-007006,100,7,บ้านในใส ม.6 ต.แหลมสัก,1.0,8.316879156,98.666205354
ALA03,63-024082,30,4,ไฟสาธารณะบ้านคลองปัญญา,2.0,8.58367619,98.827332163
ALA06,32-000597,20,4,บ้านบางเตียว,1.0,8.453904384,98.685680083
ALA07,61-001819,250,7,อบต.อ่าวลึกเหนือ,4.0,8.408296947,98.781667001
ALA07,52-006121,30,2,โรงอิฐบล็อก นายสมพร สิงห์อินทร์ ม.3 อ่าวลึกเหนือ,2.0,8.407135492,98.799939412
ALA03,53-002158,30,4,สวนสาธารณะเทศบาลปลายพระยา,4.0,8.532157561,98.863985619
ALA03,54-118387,30,1,นายเกรียงศักดิ์ ช่วยบำงุง,1.0,8.499951783,98.789139652
ALA01,26-010171,20,2,บ.ในยวญ,1.0,8.354219316,98.746063651
ALA02,58-020503,30,1,ศาลาเฉลิมพระเกียรติ์ ม.2 คลองหิน,2.0,8.326667494,98.859813187
ALA03,66-106033,160,7,MR.DIY สาขาปลายพระยา,2.0,8.535989137,98.866042604
ALA03,66-107164,30,1,บ.ตัวอย่าง,1.0,8.661221939,98.870730284
ALA03,66-107755,30,2,บ.ควนเขียว,1.0,8.591104126,98.832028569
ALA03,67-018977,30,4,ไฟทางหลวง บางหล่อ-อ่าวลึก บ.ห้วยปริศนา จุดที่ 1,3.0,8.427916151,98.770030634
ALA02,67-018979,30,2,บ.เขาง่าม,1.0,8.350633301,98.759705887
ALA06,66-014205,30,4,บ.เขาล่อม,1.0,8.444211756,98.688041193
ALA06,66-020505,100,7,บ.ทุ่งออก,1.0,8.375046096,98.729204451
ALA06,63-009943,250,7,รร.อ่าวลึกใต้,2.0,8.381709395,98.724872353
ALA02,42-003469,30,2,DCC_,1.0,8.381558423,98.749919024
ALA02,33-007128,100,7,ธนาคารกรุงไทยฯสาขาอ่าวลึก,2.0,8.390940332,98.743149808
ALA06,49-012775,30,4,ประปาหมู่บ้านคลองแรด ม.5,4.0,8.351096129,98.683511637
ALA06,30-004975,100,7,DCC_,1.0,8.371124115,98.716882312
ALA06,36-020094,30,1,DCC_,1.0,8.370807764,98.709982211
ALA06,59-000876,30,2,DCC_,1.0,8.409023561,98.711398857
ALA06,40-015687,30,2,DCC_,1.0,8.415947656,98.695970922
ALA07,42-003595,30,2,DCC_,1.0,8.416521291,98.77421971
ALA07,51-112175,30,2,ลานเทปาล์ม บ.หนองหงษ์,2.0,8.406078701,98.772683973
ALA07,45-004723,30,2,DCC_,1.0,8.427375617,98.76986683
ALA02,47-006160,30,2,DCC_,1.0,8.388850213,98.79700944
ALA07,48-007473,30,2,DCC_DCC_,1.0,8.410698299,98.813605949
ALA07,40-011462,30,2,DCC_,1.0,8.404860798,98.796701499
ALA01,47-116887,30,2,-,2.0,8.360104023,98.752880144
ALA01,28-010074,30,2,DCC_,1.0,8.343265306,98.744612145
ALA06,48-006965,30,4,DCC_,1.0,8.450698854,98.679096372
ALA09,52-009030,100,7,หจก.แดนสะตอออยล์ (ปั๊มน้ำมันบ้านหินดาน),2.0,8.455728883,98.738237635
ALA02,40-021983,30,2,DCC_,1.0,8.382938787,98.753479306
ALA02,29-004827,20,2,DCC_,1.0,8.380606403,98.761223279
ALA01,38-010257,250,7,DCC_,1.0,8.400065474,98.741229915
ALA01,49-012442,250,7,DCC_,1.0,8.398466094,98.740032835
ALA01,60-000892,250,7,DCC_,1.0,8.40115731,98.740169085
ALA01,63-010041,250,7,DCC_,1.0,8.403197609,98.741156489
ALA06,48-006660,30,1,บริษัท กสท.โทรคมนาคม จำกัด(มหาชน)(ซอยชัยศิริ),2.0,8.384807478,98.72491302
ALA01,49-009835,250,7,นายเรืองกิตต์ กล่อมสุวรรณ (บ่อกุ้ง),2.0,8.286401249,98.737486614
ALA02,00-050642,50,7,โรงเลื่อยเชียงแสน,2.0,8.37975788,98.742193634
ALA07,68-011021,30,4,แขวงทางหลวงพังงา บ้านน้ำจาน,4.0,8.400452611,98.795084678
ALA02,68-011020,30,2,แขวงทางหลวง บ้านกลาง,3.0,8.365556371,98.78441588
ALA06,33-000332,10,2,บ้านเขาล่อม,1.0,8.449962488,98.708181163
ALA09,65-019994,30,2,บ.นาเหนือ,1.0,8.480629365,98.728799928
ALA09,47-006141,30,1,DCC_บ้านหินดาน ลูกที่ 1,1.0,8.467873856,98.738952595
ALA02,51-009228,30,2,DCC_,1.0,8.357575014,98.773275027
ALA02,42-001256,30,2,DCC_,1.0,8.360350465,98.777887448
ALA02,46-009465,30,2,DCC_บ้านเขาง่าม,1.0,8.361598257,98.782211874
ALA02,47-006153,30,2,DCC_,1.0,8.359689163,98.771975093
ALA01,32-010657,10,1,ประปาบ้านหนองหลุมพอ,4.0,8.2909183,98.792691179
ALA01,49-014062,30,1,นางสุดารัตน์ กิตติสิทโธ (ร้านรับซื้อยางพารา),2.0,8.275151817,98.801503712
ALA01,28-009878,30,4,DCC_,1.0,8.274299703,98.751107302
ALA01,48-006804,30,2,DCC_,1.0,8.329959405,98.752084866
ALA02,37-014391,100,7,DCC_DCC_หม้อแปลงเช่าบริษัทเสริมสงวนก่อสร้างจำกัด,1.0,8.287693056,98.795335392
ALA02,45-013322,30,2,ไฟแสงสว่างแขวงการทางสามแยกบ้านนบ ม.4 ต.คลองหิน,4.0,8.289255421,98.794393218
ALA02,42-002870,30,1,ประปาบ้านศาลาพระม่วง,4.0,8.283902995,98.806854551
ALA06,50-000696,30,4,ประปาหมู่บ้านในไส ม.6,4.0,8.338235041,98.660449328
ALA06,28-010310,30,2,DCC_,1.0,8.343783656,98.68296803
ALA06,36-012808,30,2,DCC_,1.0,8.362062258,98.714701937
ALA06,32-006097,30,2,DCC_,1.0,8.407920374,98.675015929
ALA06,41-005311,30,4,DCC_,1.0,8.428370269,98.697462789
ALA06,32-011858,20,2,DCC_,1.0,8.363698386,98.660909187
ALA01,56-006187,100,7,DCC_บ้านหนองปาบ ม.4,1.0,8.299056707,98.786509565
ALA02,65-001175,50,7,ปั็มน้ำมัน น.ส. ราตรี กระบี่วงศ์,2.0,8.318724044,98.851124345
ALA03,65-008293,30,2,บ.นาเทา,1.0,8.526654809,98.785026863
ALA01,34-003768,20,4,บ้านควนโอ,1.0,8.275955156,98.749198128
ALA05,56-014454,100,7,บริษัท กระบี่แก๊ส จำกัด,2.0,8.424914906,98.73981065
ALA03,66-004320,160,7,ไอแอนด์อี,1.0,8.570989955,98.896217447
ALA07,64-022513,30,2,บ้านจัดสรร,1.0,8.537703772,98.86933313
ALA03,40-011450,30,2,DCC_,1.0,8.523777965,98.809617541
ALA03,57-004608,30,1,DCC_ม.5บ้านควนเศียร,1.0,8.503564249,98.805470991
ALA02,54-000669,30,2,DCC_บ้านหนองเคียน,1.0,8.357812217,98.76832073
ALA02,55-112419,30,2,โรงอิฐนายภูเกียรติ บุตรเติบ,1.0,8.361827195,98.782147215
ALA07,40-019795,30,4,DCC_บ้านบางเหียน ม.5,1.0,8.553982973,98.882934597
ALA02,55-940222,30,2,DCC_บ้านทุ่งต้นไพ,1.0,8.389713873,98.809021876
ALA09,65-019999,30,2,ไฟทางหลวง แขวงพังงา,4.0,8.435308813,98.739679028
ALA09,65-020000,30,2,ไฟทางหลวง แขวงทางหลวงพังงา,4.0,8.425567958,98.740344302
ALA07,65-019958,30,4,บ้านวังจา,1.0,8.52803281,98.877432043
ALA06,54-001440,30,1,DCC_บ้านเขาพระ ม.4 ต.อ่าวลึกใต้,1.0,8.392429729,98.722592223
ALA07,63-024062,30,4,บ.คลองพระยา ซ.7 ต.คลองยา อ.ปลายพระยา จ.กระบี่,1.0,8.466510134,98.890814311
ALA06,65-033765,30,4,บ้านปากลาว,1.0,8.467482341,98.685245451
ALA03,57-940197,30,2,บ.ห้วยกรวด,1.0,8.446256015,98.876329175
ALA03,67-110847,30,2,สนง.ทางหลวงชนบทที่ 14 ถ.สหกรณ์-บ.เขาแก้วจุดที่ 4,3.0,8.373223337,98.886531543
ALA03,67-110846,30,2,สนง.ทางหลวงชนบทที่ 14 ถ.สหกรณ์-บ.เขาแก้ว จุดที่3,3.0,8.394186409,98.863783524
ALA03,41-005257,30,1,DCC_,1.0,8.436882962,98.770304831
ALA01,49-013238,30,2,DCC_,1.0,8.281823814,98.773506097
ALA01,40-011594,30,2,DCC_,1.0,8.283738571,98.778764148
ALA01,49-007638,30,1,DCC_,1.0,8.266805748,98.782747838
ALA01,37-006013,30,1,DCC_,1.0,8.263579064,98.779129299
ALA01,50-005906,100,7,องค์การบริหารส่วนตำบลคลองหิน,4.0,8.284039789,98.796921646
ALA05,39-004561,100,7,สถานีโทรคมนาคมเขาลังตัง,2.0,8.474207146,98.697453762
ALA02,32-011834,20,1,DCC_,1.0,8.328911053,98.8527812
ALA02,49-013239,30,4,DCC_,1.0,8.31011076,98.825852937
ALA02,38-001301,160,7,DCC_,1.0,8.291022592,98.79595124
ALA02,45-012931,30,2,DCC_,1.0,8.3670517,98.829278143
ALA02,51-009195,30,2,DCC_,1.0,8.379733231,98.83203567
ALA02,31-002782,20,2,DCC_,1.0,8.38514602,98.825184476
ALA02,56-117094,30,2,บ้านพักพนักงานสวนสยามปาล์ม,1.0,8.376928791,98.799853231
ALA01,48-006810,30,1,DCC_,1.0,8.36502934,98.746338119
ALA01,35-002053,50,7,สถานีบริการน้ำมันโมบิลอ่าวลึก,2.0,8.367428946,98.748226634
ALA09,42-003841,30,1,DCC_,1.0,8.476662949,98.749576754
ALA09,42-003681,30,1,DCC_,1.0,8.485583265,98.75535378
ALA03,42-000653,30,1,บ.หนองหวายพน,1.0,8.408354578,98.844536816
ALA02,67-028379,30,4,ไฟทางหลวงแขวงทางหลวงพังงา ถ.เซาเทิร์นจุด2,4.0,8.332359883,98.787665129
ALA03,67-023441,100,7,บ้านทะเลหอยช่วงที่ 2,1.0,8.643878276,98.850440659
ALA03,39-004963,100,7,DCC_บ้านตัวอย่าง,1.0,8.551745945,98.818059106
ALA01,56-125406,100,7,นายธวัขชัย ชัยมี,2.0,8.417906755,98.738082509
ALA01,47-010715,30,2,บังกาโลนายอนุสรณ์ สุขสว้สดิ์ ม.4ต.คลองหินอ.อ่าวลึก,2.0,8.288350249,98.791322132
ALA07,52-010807,30,4,DCC_บ้านเขานุ้ย ม.2 ต.คีรีวงค์,1.0,8.458462298,98.845466514
ALA05,65-019996,30,2,บ.เขาใหญ่,1.0,8.463706107,98.737151759
ALA02,65-026785,30,4,ไฟทางหลวง บ.ศาลาพระม่วง,4.0,8.283050472,98.798372702
ALA07,65-019440,30,2,บ้านน้ำจาน,1.0,8.40859937,98.82026133
ALA03,51-007948,160,7,สหกรณ์นิคมปลายพระยา,4.0,8.546640174,98.821673298
ALA07,45-018370,50,7,DCC_บ้านศรีพระยา ม.12,1.0,8.483570474,98.82281748
ALA03,44-006661,30,1,DCC_,1.0,8.485055704,98.80035083
ALA03,51-008577,30,1,DCC_,1.0,8.476591976,98.79211897
ALA03,40-024281,50,7,สหกรณ์นิคมอ่าวลึก จำกัด ม.1 ต.คลองยา,4.0,8.388325177,98.870977724
ALA03,37-013160,30,4,DCC_,1.0,8.388426311,98.871191747
ALA03,42-004649,30,4,DCC_DCC_,1.0,8.567367816,98.875512583
ALA03,45-013010,30,4,DCC_,1.0,8.594153848,98.845759806
ALA03,38-007160,30,4,DCC_,1.0,8.586626407,98.851621678
ALA03,57-112850,50,7,โรงเรียนอนุบาลคณาพร,4.0,8.552434559,98.890423014
ALA03,35-002690,30,1,DCC_,1.0,8.559555934,98.883171754
ALA03,45-013223,30,2,DCC_,1.0,8.672296622,98.880978732
ALA03,35-002697,30,2,DCC_,1.0,8.583254274,98.902017582
ALA03,22-005505,20,2,DCC_,1.0,8.403624725,98.844653644
ALA03,42-000712,30,4,DCC_,1.0,8.394103557,98.849280327
ALA03,42-000761,30,2,DCC_,1.0,8.398486901,98.846670223
ALA03,41-005380,30,4,DCC_,1.0,8.394261255,98.834796102
ALA03,42-000711,30,4,DCC_,1.0,8.386289463,98.849263647
ALA03,67-018971,30,2,ไฟทางหลวง ถ.ทางหลวง 4009 บางหล่อ-อ่าวลึก จุดที่ 2,4.0,8.47714534,98.812971375
ALA01,63-015831,30,2,ฟาร์มไก่ นายสาธิต  บ้านหินลับ,2.0,8.281638711,98.789975886
ALA02,57-011905,30,2,ประปาชุมชนสวนป่า,2.0,8.344831304,98.890006302
ALA03,49-012823,30,2,DCC_บ้านสหกรณ์ซอย 8,1.0,8.462437404,98.892420541
ALA03,53-001933,30,4,สวนปาล์ม นายเรียง  บัวเพชร,2.0,8.58902435,98.871030275
ALA03,45-004439,30,2,บริษัทที.เอ.ออเร้นจ์จำกัด ม.5 ซ.ประปา อ.ปลายพระยา,2.0,8.536898334,98.863375139
ALA07,38-007194,30,2,DCC_,1.0,8.521113859,98.858077836
ALA07,51-010102,50,7,โรงเรียนอนุบาลตำบลปลายพระยา,4.0,8.538260231,98.870388823
ALA03,45-013222,30,4,DCC_,1.0,8.660813969,98.870080746
ALA03,45-013280,30,2,DCC_,1.0,8.663651024,98.872773105
ALA03,45-013272,30,1,DCC_,1.0,8.671017975,98.870061626
ALA03,45-013271,30,1,DCC_,1.0,8.670350939,98.859395735
ALA03,42-000050,30,1,DCC_,1.0,8.672700318,98.854851403
ALA03,45-004839,30,1,DCC_,1.0,8.650163946,98.8441246
ALA03,40-002501,30,4,บริษัทไทยร่วมพัฒนาการเพาะปลูก จำกัด,2.0,8.651469399,98.820970381
ALA07,-,30,4,DCC_,1.0,8.469861824,98.851572133
ALA07,42-000007,30,2,DCC_,1.0,8.471197736,98.832429509
ALA07,36-020111,30,4,บริษัท เจียรวานิชน้ำมันปาล์ม จ,2.0,8.475004171,98.807916238
ALA07,67-028427,30,4,DCC_,1.0,8.454913495,98.853102232
ALA07,42-000060,30,2,DCC_,1.0,8.485673955,98.829758366
ALA07,49-012657,30,4,ประปาหมู่บ้านบางเหลียว,4.0,8.466466437,98.845864402
ALA07,48-006809,30,4,องค์การบริหารส่วนตำบลคีรีวง,4.0,8.450057208,98.842450012
ALA07,49-013340,30,4,DCC_,1.0,8.461484158,98.843738405
ALA07,42-000243,30,2,DCC_,1.0,8.478827879,98.827560462
ALA02,40-019837,30,2,DCC_,1.0,8.389275012,98.915142374
ALA02,49-013232,30,2,DCC_,1.0,8.395718539,98.893144746
ALA02,49-012577,30,2,DCC_,1.0,8.377578312,98.916579282
ALA02,47-112184,30,1,DCC_DCC_,2.0,8.359754967,98.850111096
ALA02,51-009194,30,1,DCC_,1.0,8.355719408,98.851078487
ALA02,47-006157,30,4,DCC_,1.0,8.305416883,98.81870877
ALA02,49-008885,30,2,DCC_,1.0,8.316035593,98.813938725
ALA03,40-019669,30,2,DCC_,1.0,8.531115905,98.779265615
ALA03,50-000697,30,2,DCC_,1.0,8.540477361,98.799970716
ALA03,38-014702,30,2,DCC_,3.0,8.557299976,98.780231601
ALA07,41-005054,30,2,DCC_,1.0,8.393035831,98.757213749
ALA07,40-022298,30,1,DCC_,1.0,8.386779027,98.753992165
ALA07,40-002484,30,2,กฟอ.อ่าวลืก องค์การบริหารส่วนตำบลอ่าวลืกเหนือประปา,4.0,8.406887035,98.759180211
ALA07,39-004542,100,7,DCC_,1.0,8.416289181,98.759000168
ALA06,52-009558,160,7,เทศบาลตำบลอ่าวลึกใต้,2.0,8.377770617,98.72092697
ALA01,59-007268,160,7,DCC_บ้านบากัน(หน้า รร.),1.0,8.306392429,98.72146276
ALA01,59-015647,160,7,DCC_บ้านบากัน(ริมทะเล),1.0,8.308111671,98.718146739
ALA01,44-003129,30,2,DCC_,1.0,8.304326897,98.720407733
ALA02,42-000199,30,4,ฐานสถานีย่อยเครือข่ายโทรศัพย์ dtac ม.2 ต.บ้านกลาง,2.0,8.33493538,98.769286339
ALA09,23-008783,20,1,นายธวัช ขาวสะอาด (โรงงานอิฐบล็อก),2.0,8.489781385,98.715703314
ALA09,58-000776,50,7,DCC_ม.4 บ้านทุ่งสูง ต.เขาใหญ่,1.0,8.496686216,98.705603462
ALA09,45-004624,30,1,DCC_,1.0,8.494667687,98.727796677
ALA09,49-012673,30,2,DCC_บ้านทุ่งสูง ไลน์เมน,1.0,8.492250132,98.711906497
ALA09,59-010262,30,1,ประปาบ้านทุ่งสูง ม.4,4.0,8.484254545,98.723686546
ALA09,38-007164,30,2,DCC_,1.0,8.485952701,98.720910351
ALA06,41-005236,30,2,DCC_,1.0,8.399886429,98.705017133
ALA02,40-019661,30,2,DCC_,1.0,8.370984598,98.916083835
ALA02,49-013085,30,2,DCC_,1.0,8.34921929,98.899106388
ALA03,42-003519,30,4,DCC_,1.0,8.361921585,98.865460567
ALA02,45-013009,30,1,DCC_,1.0,8.365240674,98.847466103
ALA03,60-111798,30,2,ไฟทางหลวงบ้านบกเก้าห้อง,4.0,8.449387946,98.787770204
ALA02,35-004479,160,7,DCC_ม.2 ต.อ่าวลึกเหนือ (หน้า รร.อ่าวลึกเหนือ),1.0,8.394038964,98.743268953
ALA03,45-013224,30,2,DCC_,1.0,8.657762976,98.886573493
ALA03,42-003518,30,4,DCC_,1.0,8.372976673,98.868619793
ALA03,42-003530,30,4,DCC_,1.0,8.372986418,98.874526519
ALA03,49-013078,30,4,ประปาหมู่บ้านซอยสหกรณ์ 16 ม.2,4.0,8.370972558,98.873339308
ALA03,42-003583,30,4,DCC_,1.0,8.367517447,98.882120345
ALA03,49-013080,30,4,DCC_,1.0,8.362617466,98.883945735
ALA03,42-003341,30,4,DCC_,1.0,8.357149986,98.874307946
ALA03,45-013066,30,4,DCC_,1.0,8.605832457,98.85047071
ALA03,40-021888,30,2,DCC_,1.0,8.494299567,98.772687423
ALA03,38-006976,30,4,DCC_,1.0,8.463415852,98.769034217
ALA03,38-019920,250,7,DCC_,1.0,8.448087736,98.785126321
ALA07,40-019651,30,1,DCC_,1.0,8.504216884,98.891444767
ALA03,47-006149,30,1,DCC_,1.0,8.571545035,98.893749867
ALA07,50-007162,50,7,DCC_,1.0,8.554258329,98.900344652
ALA07,40-002500,30,1,DCC_,1.0,8.554148297,98.903864963
ALA03,40-018396,30,4,DCC_,1.0,8.587965223,98.83936586
ALA03,51-009196,30,4,DCC_,1.0,8.498893108,98.766758791
ALA03,45-013321,30,4,DCC_,1.0,8.507657986,98.760209856
ALA02,38-010348,100,7,DCC_,1.0,8.360356482,98.75342392
ALA02,49-013065,30,2,DCC_,1.0,8.367713916,98.901103644
ALA02,49-013084,30,2,DCC_,1.0,8.360760438,98.908288467
ALA02,49-008888,30,2,DCC_,1.0,8.308482294,98.879625037
ALA02,47-006413,30,2,DCC_,4.0,8.329329106,98.869691121
ALA02,32-004436,20,2,DCC_,1.0,8.346314368,98.894093908
ALA02,51-007743,100,7,DCC_,1.0,8.309033205,98.824048692
ALA07,42-003219,30,2,DCC_DCC_,1.0,8.407257802,98.802012306
ALA07,57-004244,30,4,DCC_บ้านปากน้ำ,1.0,8.512461396,98.84845038
ALA01,67-023436,100,7,นายวินิจ ยูรวงศ์ ม.1ต.อ่าวลึกเหนือ,2.0,8.342216094,98.744498646
ALA09,67-033480,50,7,บ.ในยวนไทย ม.3 ต. เขาใหญ่ อ.อ่าวลึก จ.กระบี่,1.0,8.434650379,98.739718022
ALA07,47-006151,30,1,DCC_,1.0,8.502939026,98.883952667
ALA07,28-008277,30,1,DCC_,1.0,8.563457697,98.912059835
ALA07,27-004827,100,7,-,2.0,8.555107223,98.904956257
ALA03,41-005100,30,1,DCC_,1.0,8.553948406,98.766080097
ALA03,41-005086,30,1,DCC_,1.0,8.548395372,98.759111968
ALA03,56-118127,30,1,นางวันดี  ลิกขะไชย,2.0,8.548765733,98.871633606
ALA03,57-001517,30,2,DCC_ซอยสีซอ,1.0,8.580424119,98.919647289
ALA06,56-110329,160,7,นายศุทรา  บุญธีระเลิศ,2.0,8.283647249,98.64591852
ALA06,56-000938,30,2,โรงเรียนวัดสถิตโพธาราม,4.0,8.311110238,98.664236594
ALA01,56-011716,30,4,โรงเรียนบ้านอ่าวลึกน้อย,4.0,8.301873999,98.74543881
ALA03,55-016270,30,1,นางจรรยา  ขวัญพร้อม,2.0,8.498999336,98.788607944
ALA02,68-101279,50,7,ฟาร์มไก่ นายไพโรจน์ สะระวารี,2.0,8.322155518,98.782910625
ALA02,68-100986,50,7,โรงเรียนอนุบาลมุสลิมกระบี่,2.0,8.321077225,98.780493935
ALA02,34-003904,20,2,บ้านช่องไม้ดำ 1,1.0,8.313144474,98.875310628
ALA02,67-028450,30,2,ไฟทางหลวงแขวงทางหลวงพังงา จุดที่3,4.0,8.350827005,98.784829877
ALA07,63-101595,30,2,นายนพพร ไทยทอง,2.0,8.509661705,98.845347492
ALA02,61-000190,50,7,DCC_นายบุญช่วย ผลแก้ว,1.0,8.291350641,98.79307348
ALA01,54-015407,50,7,DCC_หมู่บ้านอ่าวลึกวิลล่า 2,1.0,8.404075077,98.740008381
ALA09,62-109474,30,1,นายรัฐพล ลีลภัสธนพงษ์ ม.5 หินดาน,2.0,8.486175113,98.755828077
ALA06,60-030856,250,7,ตรงข้ามโรงเรียนรามเดชา,1.0,8.395744988,98.741498211
ALA03,64-101155,30,4,ฟาร์มหมู นายปกรณ์,2.0,8.572644051,98.876413092
ALA02,30-002172,10,2,คลองยางหัก,1.0,8.341752507,98.89933238
ALA07,55-120322,50,7,ฟาร์มไก่นายศุภชัย  แก้วมิตร,2.0,8.523643349,98.859750249
ALA07,60-038137,100,7,DCC_ตลาดปลายพระยา,1.0,8.530739524,98.864044002
ALA07,35-002686,30,4,DCC_,1.0,8.452341754,98.807887151
ALA07,40-015486,30,4,DCC_,1.0,8.450065935,98.828020625
ALA07,33-003477,160,7,DCC_,1.0,8.452824936,98.787763274
ALA07,40-015487,30,4,DCC_,1.0,8.447225102,98.835263956
ALA03,41-005102,30,2,DCC_,1.0,8.566495568,98.775164173
ALA03,42-000026,30,2,DCC_,1.0,8.59431139,98.765918746
ALA03,49-007652,30,2,DCC_,1.0,8.588446457,98.765580001
ALA07,26-012403,30,1,DCC_,1.0,8.507366783,98.860556374
ALA07,58-015619,30,2,DCC_,1.0,8.505331898,98.841267814
ALA01,59-104345,160,7,โรงเรียนสันติวิทยา,4.0,8.303466255,98.769404041
ALA03,61-002121,30,1,DCC_บ้านห้วยปริศนา ม.1 ต.อ่าวลึกเหนือ,1.0,8.422335385,98.752666648
ALA01,58-006812,30,2,DCC_บ้านอ่าวลึกน้อย,1.0,8.324896673,98.745815183
ALA03,66-017069,160,7,หมู่.10 บ้านทะเลหอย,1.0,8.640690617,98.848229476
ALA09,67-034508,30,2,ไฟทางหลวง โค้งบ้านหินดาน,4.0,8.472304165,98.736258034
ALA09,67-034509,30,2,ไฟทางหลวง เลยสถานีไฟฟ้า,4.0,8.425906577,98.740344875
ALA01,62-001440,30,2,DCC_DCC_บ.ควนโอ,4.0,8.286011121,98.745356147
ALA07,59-000888,30,1,วัดบางเงิน,4.0,8.555498221,98.907484898
ALA07,65-031803,100,7,ปากซอยตากลิ้ง ถ.อ่าวลึก-พระแสง ต.ปลายพระยา,1.0,8.526728169,98.861474914
ALA03,61-002970,30,2,แขวงทางหลวงพังงา,4.0,8.575378009,98.744485333
ALA07,65-019959,30,1,บ้านฟราม์วัว,1.0,8.495714999,98.872112801
ALA02,58-100961,160,7,บริษัท บี.พี.1999 จำกัด,2.0,8.363729076,98.751420989
ALA01,58-016717,30,2,DCC_DCC_ม.3 ต.บ้านกลาง ธิดายะแลนด์,1.0,8.315022242,98.774751473
ALA03,58-014657,30,2,เทศบาล ปพย.เสาไฟ Hight Mast,4.0,8.533667694,98.865033894
ALA07,56-125722,30,4,นายวัชรินทร์ แสงไพบูลย์,1.0,8.498301841,98.884598774
ALA03,37-003812,30,2,DCC_บ้านทะเลหอย,1.0,8.655037516,98.859671755
ALA07,58-000330,160,7,หมู่บ้านมั่นคง เทศบาลปลายพระยา,1.0,8.539566002,98.870179386
ALA09,54-001455,30,1,DCC_บ้านทุ่งสูงม.4ต.เขาใหย่,1.0,8.498261257,98.714629251
ALA07,54-014752,160,7,DCC_บ้านหน้าสวน,1.0,8.575083161,98.918663482
ALA07,52-010813,30,4,DCC_บ้านหาดถั่ว ม.7 ต.ปลายพระยา,1.0,8.56781553,98.9137189
ALA01,56-113950,30,4,นายยาห์ยา มาเกะ,2.0,8.304845324,98.768464613
ALA06,59-015651,160,7,DCC_บ้านอ่าวลึกใต้(หน้าวอยพรหมบุตร),1.0,8.380827184,98.719694735
ALA06,29-007904,50,7,ชุมสายโทรศัพท์อ่าวลึกใต้,2.0,8.379672363,98.721213
ALA03,37-003853,30,4,DCC_,1.0,8.519554561,98.814109564
ALA03,45-113149,100,7,สนง.อบต.ปลายพระยา(บ.ปากหยา) ม.3 ต.ปลายพระยา,4.0,8.501730177,98.838379735
ALA07,40-023443,50,7,DCC_,1.0,8.503229354,98.87946026
ALA07,40-023382,50,7,DCC_,1.0,8.508407811,98.866233915
ALA07,34-007498,50,7,โรงสีปากน้ำ,2.0,8.507704958,98.869358606
ALA03,38-015155,30,1,DCC_,1.0,8.609983272,98.822527512
ALA03,65-019972,30,4,DCC_,1.0,8.61369779,98.832281518
ALA03,58-940198,30,2,DCC_บ้านทะเลหอย,1.0,8.612629384,98.840766673
ALA03,37-003811,30,2,DCC_,1.0,8.627844806,98.846699086
ALA03,49-013917,30,4,DCC_,1.0,8.614484263,98.822861701
ALA03,49-008905,30,4,ประปาหมู่บ้านถ้ำรอบ ม.4,4.0,8.625152186,98.816175799
ALA03,59-010596,30,4,DCC_บ้านถ้ำรอบ ม.4 ต.เขาเขน,1.0,8.624168596,98.806219388
ALA03,49-014065,30,4,DCC_,1.0,8.650291722,98.809758297
ALA03,50-000765,30,4,DCC_,1.0,8.636211098,98.850919812
ALA03,45-004947,30,4,DCC_,1.0,8.631576173,98.859101246
ALA03,45-013274,30,2,DCC_,1.0,8.648592796,98.89266653
ALA03,45-012415,30,4,DCC_,1.0,8.651893937,98.859499683
ALA03,45-012414,30,2,DCC_,1.0,8.648447657,98.878164688
ALA07,43-004173,100,7,DCC_,1.0,8.536090812,98.868145072
ALA06,38-004161,100,7,DCC_,1.0,8.375222625,98.721326197
ALA01,25-002810,50,7,DCC_,1.0,8.403121179,98.74117398
ALA06,41-000656,100,7,,1.0,8.379497132,98.720399281
ALA03,60-002948,30,4,อนามัยบ้านทะเลหอย,4.0,8.636023721,98.84743412
ALA02,59-009956,30,2,DCC_ม.3 บ้านกลาง,1.0,8.314042926,98.775464293
ALA02,40-019838,30,2,DCC_,1.0,8.388875426,98.899200939
ALA03,36-002928,30,4,DCC_บ้านสหกรณ์ ซอย9,1.0,8.413831449,98.864095057
ALA06,58-017484,160,7,สนง.ที่ดิน อ่าวลึก,4.0,8.377197115,98.721729337
ALA07,57-004892,100,7,ธนาคารออมสิน สาขาปพย.,4.0,8.541958316,98.868697437
ALA02,47-112943,30,2,AIS ถ้ำเพชร,2.0,8.389236848,98.789150653
ALA01,49-013089,30,2,ประปาหมู่บ้านซอยเกาะเนียง ม.2,4.0,8.331512161,98.769684706
ALA06,36-014898,160,7,DCC_,1.0,8.381224336,98.723659112
ALA06,39-005040,160,7,DCC_DCC_,1.0,8.393119248,98.737608798
ALA06,47-002446,100,7,DCC_,1.0,8.392613492,98.729015115
ALA02,49-009988,250,7,โรงเรียนอ่าวลึกประชาสรรค์,4.0,8.400112756,98.743196463
ALA01,42-112525,30,1,ไฟฟ้าแสงสว่างบริเวณสามแยกควนขนมจีน,4.0,8.375186119,98.743310051
ALA01,37-008134,250,7,บริษัทจุติพาณิชย์ จำกัด,2.0,8.389707075,98.741952196
ALA06,57-111216,30,2,นางกัญนิกา แก้วตาทิพย์,2.0,8.375419446,98.730429828
ALA06,40-000219,160,7,DCC_,1.0,8.280842963,98.65336051
ALA06,52-110947,30,2,สถานีวิทยุฟ้าใสกระบี่เรดิโอ,2.0,8.397498838,98.706829289
ALA03,51-008578,30,4,DCC_,1.0,8.45702241,98.759948612
ALA03,42-000873,30,4,DCC_,1.0,8.46136702,98.765212961
ALA06,54-001454,30,4,DCC_บ้านเขาล่อม,1.0,8.440732526,98.685470139
ALA05,42-002717,30,1,DCC_,1.0,8.454005414,98.72830358
ALA06,40-022272,30,1,DCC_,1.0,8.458134448,98.716304548
ALA02,51-009224,30,2,ประปาหมู่บ้านโรงเรียนบ้านเขาแก้ว ม.4,4.0,8.366403607,98.911627051
ALA02,40-022015,30,2,DCC_,1.0,8.372122827,98.893937849
ALA02,51-008605,30,2,DCC_,1.0,8.379506462,98.890516922
ALA06,66-007956,30,2,บ้านหินราว,1.0,8.355242115,98.685143579
ALA06,66-007861,30,1,บ้านเขาหลัก,1.0,8.406548945,98.736325681
ALA02,56-000940,30,2,โรงเรียนบ้านช่องไม้ดำ,4.0,8.315141784,98.874554311
ALA01,36-019031,30,4,บ้านนาเหนือ,1.0,8.313049837,98.76406905
ALA03,63-015790,30,4,บ.ห้วยปริศนา,1.0,8.423988161,98.763556208
ALA02,53-002156,30,2,โรงเรียนสกุลศาสน์วิทยา ปอเนาะทุ่งค้อ,2.0,8.309321936,98.817268863
ALA02,56-000924,30,2,ประปาบ้านคลองยา บ้านสวนป่า ม. 4,4.0,8.34155201,98.886924065
ALA03,66-014222,30,2,บ.บางเหียน,1.0,8.5537625,98.88461276
ALA03,50-000698,30,1,DCC_,1.0,8.417313267,98.855162689
ALA03,60-002958,30,1,DCC_บ้านสหกรณ์ ซอย 6,1.0,8.434591961,98.862028185
ALA03,32-004488,20,1,DCC_,1.0,8.441149513,98.866580419
ALA03,44-006299,30,1,DCC_,1.0,8.441810623,98.861458932
ALA03,44-006943,30,1,DCC_,1.0,8.435899832,98.857191452
ALA03,44-006764,30,1,DCC_,1.0,8.431578726,98.848047607
ALA03,44-006942,30,1,DCC_,1.0,8.425125957,98.848254074
ALA03,45-026553,250,7,ชุมชนสหกรณ์สวนปาล์มกระบี่,4.0,8.389135771,98.86578354
ALA03,42-000654,30,4,DCC_,1.0,8.387026593,98.861621149
ALA03,42-000658,30,2,DCC_,1.0,8.380386627,98.850711745
ALA03,42-000657,30,2,DCC_,1.0,8.391494365,98.859094122
ALA03,42-003531,30,1,DCC_,1.0,8.382937268,98.878986538
ALA03,67-018974,30,2,หม้อแปลงไฟทางหลวง บางหล่อ-อ่าวลึก บ.ห้วยปริศนาจุด2,1.0,8.416865026,98.759109763
ALA03,67-018973,30,1,ไฟทางหลวง บางหล่อ-อ่าวลึก บ.โคกแซะ จุดที่ 1,3.0,8.469039167,98.797725693
ALA03,67-018978,30,2,ไฟทางหลวง บางหล่อ-อ่าวลึก บ.โคกแซะ จุดที่ 2,3.0,8.44015046,98.782363268
ALA03,67-110527,160,7,นายคำนวณ รักษกุลทอง ซ.นิรัตน์อุทิศ ต.ปลายพระยา,3.0,8.531443049,98.859126617
ALA05,62-006624,30,4,DCC_บ.หนองเต่า,1.0,8.431909027,98.736179452
ALA07,63-103463,30,4,บ.เขานุ้ย,1.0,8.47993706,98.853795953
ALA03,42-002939,30,2,บ้านช่องหลำ,1.0,8.594775193,98.903190147
ALA03,66-003875,100,7,7-11 คีรีวง,2.0,8.447312258,98.785409181
ALA02,58-006200,30,2,DCC_ม.4 บ้านนพ ปากทางทุ่งค้อ,1.0,8.304045413,98.816848171
ALA03,42-001255,30,2,DCC_บ้าสหกรณ์ ซ. 3,1.0,8.417252514,98.833476869
ALA06,56-110330,160,7,ฟาร์มกุ้งนายพุธรา,2.0,8.286695253,98.645048282
ALA03,54-001515,30,4,DCC_บ้านสหกรณ์ซอย6(หนองหวายพล),1.0,8.405064355,98.840269409
ALA09,66-007860,30,1,ปะปา เขาใหญ่,2.0,8.47714306,98.750377201
ALA06,66-007889,30,2,บ้านถ้ำเสือใน,1.0,8.40627532,98.678830595
ALA03,54-015260,160,7,DCC_โครงการบ้านจัดสรร นายอุดร  อาชาฤทธิ์,1.0,8.535710227,98.865785165
ALA03,36-020133,30,4,บ้านปากหยา,1.0,8.500724146,98.823956129
ALA03,66-107613,30,2,บ.ควนเขียว,1.0,8.602942232,98.835494857
ALA03,66-107159,30,2,บ.ควนเขียว,1.0,8.562925886,98.816816803
ALA03,65-017642,30,4,ถ้ำธนาคาร,1.0,8.631725857,98.809338441
ALA03,49-012782,30,2,เสริมคลองปัญญา,1.0,8.577722579,98.824924379
ALA06,65-026781,30,2,อบต.เขาใหญ่,1.0,8.445392038,98.720047184
ALA06,65-019082,30,2,ไฟถนน,1.0,8.450222098,98.717723427
ALA02,65-017630,30,4,อบต.บ้านกลาง,2.0,8.346613593,98.792939349
ALA03,67-018976,30,2,มป.ไฟทางหลวงพังงา ถ.บางหล่อ-อ่าวลึก จุดที่1,4.0,8.572808005,98.916774744
ALA02,63-024087,30,2,บ.กลาง ถ.เซาเทิร์น ม.3,1.0,8.349750061,98.784985611
ALA07,54-111465,250,7,CPAC อ่าวลึกเหนือ ม.2,2.0,8.42905309,98.772420903
ALA07,62-004227,30,4,DCC_คฟม.2 ม.2 ต.คีรีวง อ.ปลายพระยา,1.0,8.444348382,98.85194049
ALA01,52-008953,50,7,DCC_บ้านควนโอ ม.5 ต.อ่าวลึกน้อย,1.0,8.2826129,98.744897483
ALA07,62-109040,30,2,โรงอิฐ นายไชยา  พรหมรักษา,2.0,8.505326757,98.841436625
ALA03,54-118845,50,7,บ้านพักนายอนันต์ ประทีป ณ ถลาง,1.0,8.543218772,98.835530223
ALA03,54-011949,30,1,สหกรณ์นิคมอ่าวลึก,2.0,8.488596817,98.796178943
ALA03,54-001506,30,1,DCC_บ้านควนยาง ม.3 ต.เขาเขน,1.0,8.543433753,98.826170838
ALA03,54-011948,30,1,ฟาร์มหมู นส.นิรมล แก้วมา,2.0,8.495784903,98.786656772
ALA07,47-843169,30,1,บ. ทีเอ ออเรนท์ จำกัด,2.0,8.465920226,98.795279676
ALA07,60-002916,30,4,DCC_บ้านเขานุ้ย,1.0,8.451840581,98.850493098
ALA03,54-000668,30,2,DCC_บ้านช่องสระ,1.0,8.55561504,98.789824928
ALA07,64-015459,50,7,บ้านจัดสรร นันทศิริ ปลายพระยา,1.0,8.54021951,98.871002295
ALA03,64-022514,30,2,ไฟทางหลวง เลย ธกส ถ.อ่าวลึก-พระแสง,4.0,8.406602936,98.749096101
ALA09,53-001913,30,4,บ.หนองคล้า ม.5 ต.เขาใหญ่ อ.อ่าวลึก จ.กระบี่,1.0,8.449484321,98.74316421
ALA07,53-005974,100,7,DCC_DCC_โครงการบ้านจัดสรรนายเหิงอู่,1.0,8.531495843,98.866561761
ALA01,58-007790,250,7,DCC_บ้านสวนนิกร,1.0,8.370279553,98.743844335
ALA02,57-001620,30,2,DCC_ม.4 ต.คลองหิน(ศิลป์ชัย),1.0,8.292335294,98.798337679
ALA03,59-010564,30,4,ฟาร์ไก่ พัชรินทร์ ไทรงาม,2.0,8.575019794,98.876473438
ALA01,59-015124,50,7,อาคารศุนย์เด็กเล็ก อบต.อ่าวลึกน้อย,4.0,8.290618123,98.748124295
ALA01,40-002409,30,2,DCC_บ้านไร่ใหญ่,1.0,8.32731139,98.745526078
ALA01,47-010716,30,1,บ.กสท.โทรคมนาคม จำกัด(มหาชน) ม.3 ต.บ้านกลาง อ.อ่าว,4.0,8.318705421,98.773470589
ALA01,37-005774,30,1,นายพินิจฯ บ้านพักคนงาน,2.0,8.337258875,98.767707475
ALA02,37-004968,50,7,ดต.ขันธ์ชัยฯ (รง.อิฐบล๊อก),2.0,8.336682886,98.768666721
ALA06,52-008784,50,7,สถานธนานุบาล,4.0,8.380020837,98.723780275
ALA06,45-110899,30,4,AIS สี่แยกอ่าวลึกใต้,2.0,8.379031178,98.72284343
ALA06,41-006752,50,7,DCC_,1.0,8.393176213,98.731561173
ALA01,36-013736,100,7,ธนาคารออมสิน สาขาอ่าวลึก,2.0,8.396076881,98.74277594
ALA01,25-002828,50,7,หจก.กระบี่ออล์ยเซอร์วิส,2.0,8.386351443,98.741550337
ALA06,52-005493,100,7,DCC_,1.0,8.388841649,98.733452836
ALA01,47-116886,30,4,-,2.0,8.295995146,98.789460864
ALA01,47-010590,30,4,DCC_DCC_ปากทางฟาร์มสงวนมารีน,1.0,8.304874246,98.745821959
ALA06,46-115127,30,4,แฟกซ์ไลท์ปอเนาะแหลมสัก,2.0,8.286064954,98.655391701
ALA06,48-117650,30,4,ทรู ปอเนาะแหลมสัก,2.0,8.28625801,98.655363746
ALA06,49-008894,30,1,ไฟสาธารณะเทศบาลแหลมสัก(หน้าอนามัย),4.0,8.279588548,98.652539657
ALA06,41-005214,30,2,DCC_,1.0,8.287169804,98.650438979
ALA06,49-008879,30,2,บริษัท พร้อมมิตรเอสเอเอฟที-ท่าเรือบ้านแหลมสัก จำกั,2.0,8.284711872,98.644722745
ALA06,52-005489,100,7,DCC_,1.0,8.284158176,98.644793935
ALA06,49-012672,30,2,DCC_,1.0,8.304635175,98.649128122
ALA02,60-001052,100,7,DCC_,1.0,8.282323066,98.798848959
ALA06,36-013745,100,7,DCC_,1.0,8.304724106,98.664878642
ALA06,40-022167,30,4,DCC_,1.0,8.331811544,98.685777397
ALA06,52-010805,30,1,DCC_บ้านปากทางเกาะเคียน,1.0,8.334684124,98.679992992
ALA06,45-013134,30,2,DCC_,1.0,8.366238852,98.71551435
ALA06,42-003608,30,1,DCC_บ้านเขาพระ,1.0,8.391239774,98.720742402
ALA03,54-012076,30,4,ประปาบ้านพรุเจ,2.0,8.618900682,98.84951133
ALA07,60-002960,30,1,ฟาร์มไก่ ธีระพล แสงทอง,2.0,8.430887029,98.793479922
ALA05,59-107706,30,2,ไฟทางหลวงหินดาน ม.5 ต.เขาใหญ่,4.0,8.458887138,98.737555104
ALA06,58-106203,30,2,นายทรงวุฒิ,1.0,8.371512422,98.711209899
ALA03,58-106204,50,7,ฟาร์มไก่ ณรงค์ชัย,1.0,8.429210605,98.771672722
ALA03,58-109294,30,1,นายสุรึง,1.0,8.495201122,98.793251664
ALA03,63-017438,30,2,บ้านตัวอย่าง ซอยข้างปั๊มบากจาก,1.0,8.539461639,98.819090999
ALA07,53-001915,30,4,DCC_บ.วังจา ม.5 ต.ปพย.,1.0,8.526785673,98.880982256
ALA02,53-002198,30,1,DCC_บ้านกลาง ม.3,1.0,8.310663137,98.776502142
ALA02,54-001549,30,4,DCC_บ้านเหนือคลอง,1.0,8.337542276,98.784241737
ALA01,54-014614,100,7,DCC_บ้านจัดสรรนายสามารถ  ขยันการ,1.0,8.304087907,98.769704595
ALA01,53-005971,100,7,โรงรับซื้อยาง นายสมพร  ม.3 ต.คลองหิน,2.0,8.29449688,98.79040224
ALA06,59-023142,100,7,บ้านจัดสรรอิงเขา บ่อท่อ,1.0,8.386279821,98.699361082
ALA02,49-013240,30,2,สวนมาเลย์,1.0,8.321392522,98.854124204
ALA03,65-026782,30,2,ไฟถนน,2.0,8.553148699,98.816997485
ALA07,63-017408,30,4,บ.ห้วยกรวด,1.0,8.440730535,98.831494241
ALA06,63-103361,30,4,ไฟสาธารณะ ช่วงที่4,1.0,8.465758003,98.683179743
ALA06,63-103360,30,4,ไฟทางหลวง ช่วงที่ 3,1.0,8.455927082,98.684889645
ALA06,63-103362,30,2,ไฟสาธารณะช่วงที่ 1,1.0,8.408881822,98.700114144
ALA01,49-013083,30,2,รร.บากัน,1.0,8.300933154,98.720814818
ALA01,37-008233,250,7,บ่อกุ้ง นายเกียรติกร  ชดช้อย,2.0,8.302865594,98.733394383
ALA03,53-010257,30,1,DCC_บ้านบางเหลียว  ม.6  ต.คีรีวง,1.0,8.404740457,98.863068712
ALA05,65-017637,30,2,นายธวัช  ขาวสะอาด,2.0,8.486063781,98.720044809
ALA07,39-006490,250,7,ตลาดปลายพระยา,1.0,8.537396192,98.866953941
ALA09,65-019966,30,1,ปะปาหินดาน,4.0,8.471975371,98.743940082
ALA07,65-019960,30,2,บ.เขาเขนใน,1.0,8.493887199,98.850756627
ALA03,45-013279,30,2,DCC_,1.0,8.68151339,98.87357933
ALA06,58-010943,50,7,โรงน้ำดื่ม เปรมจิต ม.5 ต.อ่าวลึกใต้,2.0,8.40472854,98.702222011
ALA01,54-001507,30,2,DCC_ซอยหนองจูด,1.0,8.323939029,98.768883821
ALA07,57-940217,100,7,DCC_บ้านจัดสรร น.ส.ลัดดา ช่อชั้น,1.0,8.541152132,98.868389051
ALA05,54-116786,100,7,สำนักงานองค์การบริหารส่วนตำบลเขาใหญ่,1.0,8.466374273,98.736892789
ALA06,54-000678,30,2,DCC_บ้านจัดสรร  เขาพระ,1.0,8.388401222,98.722948281
ALA02,54-119486,250,7,โรงบดไม้ นายสุทิน ม. 4 ต.คลองยา,3.0,8.366871295,98.911167912
ALA03,67-005424,50,7,บ.ศรีพระยา ม.12 ต.ปลายพระยา อ.ปลายพระยา จ.กระบี่,1.0,8.482179411,98.819745734
ALA02,54-115319,30,4,สำนักสงฆ์บ้านกลาง,1.0,8.333513173,98.774257129
ALA03,50-115817,250,7,สถานีตำรวจภูธรอำเภอปลายพระยา,4.0,8.531901952,98.862402148
ALA02,47-000377,250,7,DCC_อ.อ่าวลึก,1.0,8.321322741,98.773271524
ALA09,67-114437,250,7,ห้างหุ้นส่วนจำกัด ซีซีพี คอนกรีต,2.0,8.469453468,98.738280643
ALA02,49-012548,30,2,DCC_,1.0,8.388344675999999,98.907335642
ALA07,40-011861,30,1,ไฟฟ้าแสงสว่างสามแยกเข้าบ้านในสระ,4.0,8.477198556,98.814645871
ALA03,34-007145,20,2,DCC_,1.0,8.426009727,98.826103335
ALA03,60-032527,30,4,DCC_,1.0,8.469545265,98.781750305
ALA03,55-940220,30,2,DCC_,1.0,8.476094093,98.78201104
ALA03,41-005280,30,1,DCC_,1.0,8.500581907,98.789363074
ALA03,42-000001,30,1,DCC_,1.0,8.488655544,98.804597638
ALA03,42-001459,30,2,DCC_,1.0,8.644519107,98.892026042
ALA07,50-005993,100,7,สวนเฉลิมพระเกียรติบ้านหน้าสวน,4.0,8.577610952,98.921302817
ALA07,35-000014,100,7,ธนาคารทหารไทย สาขาปลายพระยา,2.0,8.53039074,98.864050077
ALA07,50-000795,30,4,DCC_,1.0,8.528975271,98.875851001
ALA07,45-005571,160,7,DCC_,1.0,8.542118941,98.869068535
ALA07,31-002808,20,2,DCC_,1.0,8.442701428,98.784864088
ALA07,51-008724,30,4,ประปาหมู่บ้านโคกเจียก ม.8,4.0,8.488150675,98.878411529
ALA07,27-005104,100,7,DCC_,1.0,8.52975584,98.863325666
ALA07,39-004512,100,7,สถานีปลายทางปลายพระยา,2.0,8.529947091,98.863598749
ALA02,61-001017,100,7,น.ส. ราตรี กระบี่วงศ์,2.0,8.318634389,98.855820658
ALA03,67-005425,50,7,ม.6 บ.คลองปัญญา ต.เขาเขน อ.ปลายพระยา จ.กระบี่,1.0,8.585537322,98.827673362
ALA02,63-019107,30,1,DCC_หนองหลุมพอ,1.0,8.28981451,98.795826228
ALA02,45-004623,30,2,บ.นบใหม่,1.0,8.297375896,98.811549386
ALA03,40-013186,30,1,บ.พรุชด,1.0,8.48035581,98.790733836
ALA06,49-013199,30,2,บ้านในใส,1.0,8.332782926,98.67910734
ALA07,63-015798,30,1,เสริมบ้านทุ่งออก,1.0,8.507969054,98.889272351
ALA03,30-005580,10,4,นาพงเข้,1.0,8.513237127,98.84618889
ALA02,00-064570,10,2,ซอยนพวงศ์,1.0,8.390474583,98.825141056
ALA07,66-020503,100,7,ม.5 ตลาดปลายพระยา,1.0,8.530314033,98.86738696
ALA07,68-104763,160,7,โรงเพาะปาล์ม บริษัท ยูนิวานิชน้ำมันปาล์ม,2.0,8.578375483,98.92422265
ALA03,56-001141,30,2,DCC_บ้านสหกรณ์ ซอย 8,1.0,8.457386545,98.884304698
ALA07,62-005908,30,1,ประปาบ้านไร่ใหญ่,2.0,8.430778251,98.792556507
ALA03,63-028424,160,7,สกรณ์ ซ.8,3.0,8.445970684,98.882425889
ALA06,63-103363,30,2,ไฟสาธารณะ ช่วง 2,1.0,8.422462871,98.692009642
ALA06,63-101855,30,2,ไฟสาธารณะ บ้านทางสาย,1.0,8.388958496,98.710363884
ALA03,63-010321,30,4,อบต.คลองยา,1.0,8.38671942,98.872879372
ALA01,36-008705,100,7,ช่องไม้แก้ว,1.0,8.418796064,98.73845723
ALA03,61-102638,50,2,ฟาร์มไก่ สุวพงศ์,2.0,8.544418808,98.86572064
ALA01,68-019699,30,2,บ้านป่างาม ม.3 ต.คลองหิน,1.0,8.275797819,98.772134672
ALA03,63-036331,30,2,ไฟทางหลวง บ้านทะเลหอย,4.0,8.638822249,98.847629648
ALA03,63-017427,30,4,บ.ถ้ำรอบ,1.0,8.621925861,98.816136077
ALA03,63-017417,30,2,บ.เขาต่อ,1.0,8.570808003,98.763463208
ALA02,30-003912,10,2,เขาฮาย,1.0,8.331732006,98.891803486
ALA01,59-107708,30,2,ไฟทางหลวง จุด 10 ต.เขาใหญ๋,4.0,8.417671862,98.738047875
ALA01,59-022275,160,7,DCC_บ้านหนองหลุมพอ,1.0,8.304482847,98.780717944
ALA03,56-112854,30,4,ฟาร์มหมูนายจำลอง บุญคมรัตน์,2.0,8.422246362,98.835048752
ALA06,62-107193,30,2,ไฟทางหลวง แขวงชนบทกระบี่ บ.ทุ่งออก,4.0,8.373296408,98.734073714
ALA02,61-000194,50,7,DCC_บ.เขาแก้ว ม.4,1.0,8.355561971,98.899018993
ALA03,53-005599,50,7,นางนภาพร  ปานเส้ง  ม.6 ต.คีรีวง,2.0,8.40554359,98.847884516
ALA06,40-012433,30,4,DCC_,1.0,8.468127567,98.688319858
ALA03,47-000155,100,7,สนง.ขนส่งสาขาอ่าวลึก ม.1 ต.อ่าวลึก,4.0,8.415131217,98.75470815
ALA06,52-111234,30,4,ไฟสาธารณะ บ.บางทราย ม.2 ช่วงที่ 1,4.0,8.380240372,98.720550028
ALA06,49-012383,160,7,ศูนย์พัฒนาเด็กเล็กอ่าวลึกใต้,4.0,8.383559485,98.723169939
ALA01,39-004735,100,7,DCC_,1.0,8.281811263,98.74290495
ALA06,40-011475,30,1,DCC_,1.0,8.398174119,98.734724544
ALA07,48-006652,30,4,บริษัท กสท.โทรคมนาคม จำกัด(มหาชน)(บ.อ่าวลึกเหนือ),4.0,8.399734862,98.74640676
ALA07,54-016047,250,7,DCC_,1.0,8.399139048,98.746195648
ALA07,36-020450,100,7,ธนาคารเพื่อการเกษตรฯ,2.0,8.402819536,98.746891634
ALA01,42-112524,30,1,ไฟฟ้าแสงสว่างสามแยกเข้าบ้านถำ้เพชร,4.0,8.380040441,98.741577494
ALA01,38-014773,30,1,นายภิญโญ ศรีสุวรรณ์,2.0,8.386137837,98.741673464
ALA06,27-004831,100,7,โรงแรมวอเตอร์ฟอลล์อินน์,2.0,8.387060912,98.732837012
ALA03,63-017453,30,2,บ้านช่องแบก,1.0,8.504110785,98.777831953
ALA03,32-009761,20,2,บ้านช่องแบก,1.0,8.50100007,98.78344442
ALA03,58-115627,30,4,ฟาร์มไก่ สมบูรณ์ นิลรัต,1.0,8.421994579,98.834733625
ALA02,58-006359,30,4,DCC_ม.4 บ้านนพ(หน้าซุปเปอร์),1.0,8.295284777,98.806657641
ALA03,58-006360,30,1,DCC_ม.10 บ้านทับใน,1.0,8.650002912,98.849292612
ALA03,48-006822,30,1,DCC_ม.10 บ้านทับใน,1.0,8.657820262,98.849762118
ALA03,53-010254,30,2,ประปาบ้านคลองยา ซอย 14-15,4.0,8.385053085,98.876356565
ALA07,55-000085,30,4,บีเอฟเคที บ้านบางเหลียว,2.0,8.450048443,98.854024534
ALA07,63-024068,30,4,บ.โคกยอ,1.0,8.467978795,98.848406503
ALA03,58-011528,160,7,ธกส.ปลายพระยา,2.0,8.525478963,98.860196689
ALA06,59-022274,160,7,DCC_ซอยประสานมิตร(หิรัญธาน),1.0,8.387081859,98.73227416
ALA03,60-001369,30,4,ฟาร์มไก่ ไพริน ขาวเนียม,2.0,8.441983266,98.798510462
ALA05,61-100788,30,2,ไฟทางหลวง บ.ทุ่งสูง,4.0,8.486886863,98.718891656
ALA02,48-007029,30,2,DCC_DCC_ประปาหมู่บ้าน บ.ทุ่งต้นไพ ม.1,1.0,8.365374886,98.814777944
ALA07,48-006932,30,2,DCC_DCC_,1.0,8.402136119,98.810383533
ALA01,41-000725,100,7,DCC_สนง การไฟฟ้าอ่าวลึก,5.0,8.364838493,98.749572983
ALA03,42-000008,30,2,DCC_,1.0,8.553713771,98.853059173
ALA09,50-116351,30,1,DCC_AIS หินดาน,2.0,8.46604216,98.737405373
ALA07,59-015237,50,7,พัฒนาที่ดิน,2.0,8.460931157,98.811503167
ALA02,32-010676,10,2,ห้วยหินเขียน,1.0,8.424054115,98.912262745
ALA03,63-015796,30,2,สหกรณ์,1.0,8.443161092,98.878096894
ALA03,63-015780,30,4,คลองทรายขาว,1.0,8.382379823,98.860854134
ALA03,63-017407,30,4,สหกรณ์ ซอย13,1.0,8.388346613,98.865741901
ALA03,63-017418,30,1,บ.ห้วยกรวด,1.0,8.425788005,98.85532943
ALA02,42-000118,30,4,DCC_บ.เหนือคลอง,1.0,8.34045098,98.78820807
ALA02,62-006641,30,4,DCC_บ.เหนือคลอง,1.0,8.343087078,98.794317065
ALA03,52-011974,30,2,ซ.8 บ.คลองพระยา ต.ปลายพระยา อ.ปลายพระยา จ.กระบี่,1.0,8.45048542,98.885452692
ALA03,67-028428,30,2,ซ.8 บ.คลองพระยา จุดที่2,1.0,8.456787528,98.889759463
ALA01,67-034540,30,7,ไฟทางหลวง แขวงทางหลวงพังงาจุด1,4.0,8.40218204,98.741596849
ALA03,65-006956,100,7,ชุมชนหาดถั่ว,1.0,8.55937988,98.907821226
ALA03,66-102054,30,4,บ.หินดาน,1.0,8.492413969,98.75876162
ALA03,66-102005,30,4,บ.ตัวอย่าง,3.0,8.498445734,98.765320455
ALA03,40-022685,100,7,บ้านหน้าสวน,1.0,8.575279678,98.918444909
ALA06,65-102026,160,7,นายรัฐ,2.0,8.300812942,98.662982463
ALA03,64-008357,30,2,ไฟทางหลวง แขวงชนบทกระบี่ ซ.สหกรณ์7-8,4.0,8.404852575,98.849305483
ALA02,55-116794,30,4,ฟาร์มไก่นางนิตยา  บุตรหลำ,2.0,8.343382145,98.791836403
ALA02,54-000677,30,1,โรงเรียนบ้านคลองหิน,4.0,8.302288084,98.813758301
ALA03,63-024083,30,4,ไฟสาธารณะปากทางใช่อง,4.0,8.584799671,98.827446799
ALA03,67-110845,30,4,สนง.ทางหลวงชนบทที่ 14 ถ.สหกรณ์-บ.เขาแก้ว จุดที่ 2,3.0,8.409651683,98.842793256
ALA03,64-110587,160,7,โรงผลิตน้ำ บุษบา,2.0,8.394074217,98.863383603
ALA02,65-033769,30,4,น.ส.อัญชิรา,2.0,8.287911878,98.824187112
ALA02,67-110848,30,2,สนง.ทางหลวงชนบทที่ 14 ถ.สหกรณ์-บ.เขาแก้วจุดที่ 5,1.0,8.372316918,98.894836585
ALA06,65-033772,30,4,รพ.สต.บ้านเขาล่อม,2.0,8.444255266,98.68468786
ALA03,63-024081,30,4,บ.หนองทุ่ง,1.0,8.563888553,98.876311922
ALA02,63-017454,30,4,บ.โต๊ะกราวด์,1.0,8.294868454,98.827182713
ALA01,63-029603,160,7,บ.กลาง,1.0,8.317519216,98.773996776
ALA07,60-113441,250,7,ห้างซุปเปอร์ชีป ปลายพระยา,2.0,8.54583605,98.870774624
ALA03,51-007642,100,7,ประปาหมู่บ้านช่องแบก ม.1,4.0,8.506445793,98.773877272
ALA03,40-011474,30,2,DCC_,1.0,8.530009883,98.793044549
ALA05,41-005247,30,4,DCC_,1.0,8.482413356,98.711729024
ALA06,57-004243,30,4,DCC_,1.0,8.329647933,98.637213157
ALA02,42-000200,30,4,DCC_,1.0,8.343407511,98.805539673
ALA02,45-004957,30,4,สำนักงาน อบต. บ้านกลาง อ.อ่าวลึก จ.กระบี่,4.0,8.337709235,98.786937832
ALA06,41-005314,30,4,DCC_,1.0,8.335968787,98.661610054
ALA02,54-011953,30,4,DCC_บ้านคลองยาเหนือ,1.0,8.319044377,98.851147309
ALA01,38-011443,100,7,หจก.อนันตลีลาบริการ,2.0,8.364103959,98.750431634
ALA01,42-010101,30,4,DCC_ม.3บ้านในยวนไทย,1.0,8.319104224,98.769398921
ALA02,63-009566,100,7,บ.มิตซูเกียรติยนต์ กระบี่,2.0,8.36546999,98.750630783
ALA02,63-017406,30,2,DCC_บ.ทุ่งต้นแบก,1.0,8.395369989,98.822162199
ALA03,63-015785,30,4,DCC_บ.ห้วยกรวด,1.0,8.426673402,98.833428402
ALA03,62-101872,100,7,บ.ปากหยา,1.0,8.510853922,98.817091242
ALA07,60-002959,30,1,DCC_บ้านทุ่ง-ทับควาย ม.4 ต.อ่าวลึกเหนือ,1.0,8.426262275,98.795195303
ALA02,54-011955,30,2,DCC_บ้านถ้ำเพชร ม.6 ต.อ่าวลึกเหนือ,1.0,8.38656443,98.774110029
ALA07,56-001569,30,2,บ้านบางเหลียว,1.0,8.453932734,98.79598534
ALA07,65-033774,30,1,บ้านบางเหลียว,1.0,8.45166419,98.801667234
ALA06,63-017437,30,1,ประปาบ้านเขาพระ ม.4,2.0,8.396021636,98.721964185
ALA02,63-015800,30,2,ไฟทางหลวง,4.0,8.358875922,98.901184237
ALA03,63-015668,30,1,ปะปาควนเศียร,4.0,8.497355162,98.801328863
ALA06,63-017403,30,1,DCC_บ้านพรุใหญ่,1.0,8.441748003,98.717272321
ALA01,50-118606,50,7,บริษัท สยามนิสสันมอเตอร์กระบี่ จำกัด (สาขาอ่าวลึก),2.0,8.402646808,98.741393716
ALA01,59-103481,160,7,โรงแรม พี เอ็นเม้าว์เทน,2.0,8.403506571,98.738259242
ALA06,43-004150,100,7,ที่ว่าการอำเภออ่าวลึก ม.2 ต.อ่าวลึกใต้,4.0,8.377380208,98.721829364
ALA07,47-113552,30,2,ประปาข้าง รร.บ้านทุ่ง,2.0,8.413442673,98.800917492
ALA07,56-115337,30,1,ลานเทปาล์ม เด่นพงศ์,2.0,8.430185169,98.774263941
ALA07,57-004241,30,1,DCC_ม.2 บ้านคลองแห้ง,1.0,8.430117945,98.773887831
ALA03,57-940200,30,2,DCC_บ้านห้วยกรวด,1.0,8.429212946,98.869789868
ALA03,56-112871,30,4,ฟาร์มหมูนางอาคม สุขมล,2.0,8.425994095,98.838180596
ALA03,56-006188,100,7,DCC_บ้านจัดสรร นายกิตติพงษ์,1.0,8.421569573,98.824183713
ALA09,63-034324,30,1,อบต.เขาใหญ่,1.0,8.480195027,98.753920487
ALA09,63-034323,30,1,ซอยควนลูกลม,1.0,8.487946908,98.756567737
ALA02,54-000767,30,2,DCC_บ้านเหนือคลอง,1.0,8.332532831,98.778724534
ALA03,55-115561,50,1,ฟาร์มไก่นายมนตรี สุทธิรักษ์,2.0,8.51304132,98.831975019
ALA09,53-115708,30,1,บริษัท ยูนิวานิช จำกัด,2.0,8.488762451,98.72181205
ALA02,54-011947,30,1,รร.บ้านกลางมิตรภาพ,4.0,8.332937035,98.769838874
ALA07,55-000084,30,1,DCC_บ.ทุ่งทับควาย-ศาลเจ้ากวนอู ม.4,1.0,8.432308585,98.781417
ALA01,59-107709,30,2,ไฟทางหลวง สาศาพระม่วง,4.0,8.271626204,98.803160322
ALA03,55-940360,30,2,ซ.สหกรณ์ 6,1.0,8.459888882,98.88030899
ALA03,54-000768,30,4,บ.หนองหวายพล,1.0,8.407965619,98.842331166
ALA03,63-024077,30,1,สหกรณ์,1.0,8.42380511,98.860038126
ALA03,60-001001,100,7,อ่าวลึกใต้,1.0,8.39824586,98.744401853
ALA06,58-011147,100,7,เซเว่นอ่าวลึกแหลมสัก,2.0,8.389344927,98.732768445
ALA03,52-006112,30,2,DCC_ซอยสหกรณ์ 1 เครื่อง 2,1.0,8.432511966,98.831262329
ALA01,59-023145,100,7,เซเว่นอีเลฟเว่น สาขาบากัน ม.4 ต.คลองหิน,2.0,8.304845665,98.78035638
ALA03,61-002134,30,1,DCC_ซอยสามหน้า บ.ทับใน  ม.13  ต.ปลายพระยา,1.0,8.667930136,98.849259045
ALA02,62-103686,50,7,อู่ซ่อมรถ นายไพรัช,2.0,8.352323996,98.758779459
ALA03,26-007888,10,2,ซอยหลวงเท่ง เขาต่อ,1.0,8.562998695,98.763468951
ALA03,58-020502,30,4,ประปา อบต คลองยา ซอย9,2.0,8.393845241,98.849401082
ALA03,51-009207,30,4,ประปาหมู่บ้านนา ม.4,4.0,8.465978344,98.782308645
ALA01,60-100050,50,7,นายธวัฒน์ วงสะอาด,2.0,8.297695308,98.787678169
ALA02,58-010914,50,7,DCC_ม.1 ต.อ่าวลึกเหนือ(จัดสรรถิรเดช),1.0,8.372860202,98.745323704
ALA06,58-010846,50,7,ศูนย์เด็กเล็กเทศบาล ต.อ่าวลึกใต้,1.0,8.394222434,98.728915537
ALA03,60-104409,30,2,ไฟทางหลวง แขวงทางหลวงชนบท,4.0,8.426852258,98.818790857
ALA01,61-108572,50,7,ร้านปะยาง,2.0,8.35608904,98.755554647
ALA06,36-020229,30,4,DCC_ซอยประสานมิตร(บ่อนไก่),1.0,8.379810453,98.728724599
ALA06,45-012205,30,1,DCC_บ้านควนวังทอง ลูกที่ 3,1.0,8.402683105,98.735186576
ALA02,59-000903,30,2,ประปา ซ.18 ลูกที่ 2,4.0,8.372175532,98.889861352
ALA07,55-940194,50,7,บ้านปากน้ำ,1.0,8.517270835,98.853963299
ALA06,56-110164,30,2,ไร่ปรีดาโฮมสเตย์,2.0,8.402528449,98.686803646
ALA06,65-023245,100,7,หมู่บ้านปภาดา ม.2 ต.อ่าวลึกใต้,1.0,8.377675573,98.729353282
ALA03,54-012075,30,1,DCC_บ้านช่องแบก (กชน.ซอย 3),1.0,8.489662294,98.789602067
ALA02,54-001559,30,1,DCC_บ้านศาลาพระม่วง,1.0,8.284780997,98.804445594
ALA02,40-012300,30,1,DCC_บ้านคลองหิน,1.0,8.298334194,98.81081352
ALA03,54-015408,50,7,โรงเรียนอนุบาลกานตราช,2.0,8.403624719,98.746496341
ALA02,55-110082,100,7,สวนพิธานปาล์ม ม.2 คลองหิน,2.0,8.320202657,98.872292761
ALA06,65-019277,50,7,บ.ดินแดง,1.0,8.426729033,98.688059332
ALA03,65-006953,100,7,ซีพีออล์ บ้านตัวอย่าง,2.0,8.551506513,98.818107481
ALA07,62-110610,50,7,น.ส.อรุณวดี ปล้องทับ บางบอน วัสดุก่อสร้าง,2.0,8.543772296,98.869721965
ALA07,53-002058,30,2,DCC_บ้านน้ำจาน ก่อนถึงถ.เซาเทิร์น,1.0,8.401623011,98.792578526
ALA02,61-002700,30,2,ไฟทางหลวง แขวงชนบทกระบี่ บ้านไซเรียง,4.0,8.313726873,98.834430478
ALA03,62-006623,30,4,DCC_บ.ทัพพระยา,1.0,8.580133345,98.858230264
ALA02,62-112069,30,2,บ.เขางาม,2.0,8.353477376,98.784708338
ALA01,62-006664,160,7,DCC_บ.นาแค ต.อ่าวลึกน้อย,1.0,8.303259074,98.767558308
ALA07,45-004952,30,4,บ้านบางเหลียว,1.0,8.449175851,98.841195922
ALA03,31-005600,50,7,บริษัท สงวนปาล์ม จำกัด,2.0,8.542522695,98.837658255
ALA05,54-000667,30,2,DCC_บ้านเขาลังตัง,1.0,8.47670856,98.709852441
ALA06,60-038138,100,7,เซเว่นอีเลฟเว่น สาขาช่องเขา ม.2 ต.อ่าวลึกเหนือ,2.0,8.374742933,98.74309802
ALA03,58-016718,30,2,DCC_ประปาบ้านช่องแบก,1.0,8.516135127,98.779786861
ALA02,56-014456,100,7,เซเว่น บ้านนพ,2.0,8.290146486,98.794877814
ALA02,57-103139,30,2,รีสอร์ท นายทวีศักดิ์,2.0,8.417285862,98.738466492
ALA01,57-012892,100,7,เซเว่นฯอ่าวลึกใต้,2.0,8.399674642,98.741983592
ALA06,61-002015,30,2,TR นายทนงศักดิ์  ย่องบุตร,2.0,8.380299958,98.697745446
ALA03,62-006632,30,2,DCC_บ.ห้วยกรวด,1.0,8.420298631,98.827712987
ALA01,63-016763,160,7,DCC_บ.คลองหิน,1.0,8.289717996,98.793611907
ALA02,45-013158,30,4,DCC_บ้านสายไฟพาด,1.0,8.293507372,98.801432163
ALA07,54-000766,30,2,DCC_บ้านเหนือ ม.2,1.0,8.391391477,98.759146092
ALA03,54-000779,30,2,สหกรณ์นิคมอ่าวลึก,2.0,8.444483068,98.875648978
ALA03,59-000911,30,1,ม.3 ฟาร์มไก่ นางสาวรัญจวน,2.0,8.507014444,98.835377535
ALA07,62-000026,500,7,รพ.อ่าวลึก,4.0,8.402618453,98.74376339
ALA02,45-013048,30,2,บ้านกลาง,1.0,8.333482754,98.775581366
ALA03,66-014295,50,7,ซลประทาน 18,1.0,8.347976592,98.869912639
ALA03,63-034325,30,2,ซ.สหกรณ์12,1.0,8.393674484,98.864456626
ALA06,64-104904,100,7,บ้านช่องเขา,2.0,8.374648976,98.728578625
ALA06,41-005312,30,4,บ.ควนดินแดง,1.0,8.435537042,98.70229115
ALA07,66-007862,30,2,ฟราม์ไก่ นายสมพร,2.0,8.413810134,98.805792364
ALA07,30-005564,10,4,บ.โคกเจียด,1.0,8.511502112,98.876612257
ALA02,66-014200,30,2,บ.ช่องไม้ดำ ม.5 ต.คลองหิน อ.อ่าวลึก,1.0,8.29001751,98.893633732
ALA03,63-103525,30,4,ไฟสาธารณะช่วง 1,1.0,8.613362349,98.836441346
ALA01,59-107700,30,1,ไฟทางหลวง จุดที่ 5 บ้านกลาง,4.0,8.351393597,98.758739387
ALA06,60-100985,50,4,ประปาหมู่บ้าน บ้านอ่าวน้ำ,4.0,8.318948526,98.643494909
ALA03,63-015799,30,1,ทะเลตก,1.0,8.631233534,98.845194739
ALA03,61-002689,30,2,ช่องหลำ,1.0,8.588042747,98.901146408
ALA03,45-013132,30,1,บ้านคลองปัญญา,1.0,8.602047447,98.819639476
ALA09,68-113693,250,7,บริษัทเวียงสระคอนกรีตอัดแรง ม.3 ต.เขาใหญ่,2.0,8.424837142,98.740477852
ALA03,63-034326,30,2,นองหวายพล,1.0,8.416246519,98.836907522
ALA02,63-010320,30,2,อบต.คลองยา,4.0,8.333277961,98.897278548
ALA03,42-001271,30,2,นายระลึก พวงช่อ (ฟาร์มหมู),2.0,8.576442446,98.759967468
ALA02,53-113444,100,7,ศูนย์ฮิโน่กระบี่ สาขาอ่าวลึก,2.0,8.375310892,98.744261657
ALA03,67-028406,30,4,สนง.ทรัพยากรน้ำที่10พลังงานแสงอาทิตย์ บ.น้ำซ่ำม.11,3.0,8.564001497,98.852144764
ALA07,66-014210,30,1,บ้านทุ่งทับควาย,1.0,8.432101952,98.797863715
ALA03,35-004790,160,7,DCC_DCC_หลังป้อมตำรวจปลายพระยา,1.0,8.531753222,98.863148594
ALA03,52-008825,50,7,DCC_บ้านควนสามัคคี,1.0,8.534675001,98.855097407
ALA06,63-008675,30,2,DCC_,1.0,8.42216658,98.698992785
ALA06,40-011456,30,2,DCC_,1.0,8.426953097,98.710160756
ALA06,40-013393,30,2,DCC_,1.0,8.404768052,98.68251466
ALA06,54-000692,30,2,DCC_,1.0,8.414092488,98.672424138
ALA06,49-008884,30,4,ประปาหมู่บ้านทุ่งคาดีกัน ม.2,4.0,8.449809096,98.703003676
ALA06,40-021938,30,4,DCC_,1.0,8.447890175,98.690581328
ALA07,59-010610,30,2,DCC_ม.2 บ้านหน้าถ้ำ,1.0,8.399670425,98.768718026
ALA07,40-002387,30,2,DCC_,1.0,8.407765931,98.780574542
ALA07,42-003428,30,1,DCC_,1.0,8.430660639,98.793661754
ALA03,52-110669,50,7,บริษัท อ่าวลึกแก๊ส จำกัด,2.0,8.43211272,98.775144247
ALA03,41-005258,30,1,DCC_,1.0,8.437490172,98.763126544
ALA09,51-118502,30,1,นายปริญญา ระวิวรรณ์ (ห้องพัก),2.0,8.454027886,98.739499533
ALA06,40-015663,30,2,DCC_,1.0,8.388206766,98.711455665
ALA01,38-007219,30,2,DCC_,1.0,8.334310349,98.743947637
ALA01,49-013081,30,4,DCC_,1.0,8.311667757,98.761404948
ALA01,50-111874,160,7,นายนิล ระมูลมอญ (ปั้มน้ำมัน),2.0,8.332032708,98.769446628
ALA06,57-004254,30,1,DCC_,1.0,8.39942964,98.731718789
ALA06,41-001373,50,7,DCC_,1.0,8.37677299,98.728537661
ALA07,29-017593,160,7,DCC_,1.0,8.396855647,98.746239288
ALA05,38-007235,30,2,สถานีโทรคมนาคมทหารเขาลังตัง,4.0,8.474043061,98.697483471
ALA01,44-002882,30,4,ไฟสาธารณะบ้านอ่าวลึกน้อย ต.บ้านกลาง (ถนนเพชรเกษม),4.0,8.298787296,98.7867729
ALA06,45-005082,50,7,เทศบาลตำบลแหลมสัก ม.3 ต.แหลมสัก,4.0,8.285230323,98.656570318
ALA06,45-115241,30,4,ดีแทค แหลมสัก,2.0,8.277049211,98.649490573
ALA02,51-009229,30,4,DCC_,1.0,8.345701262,98.793165142
ALA02,49-007637,30,4,บริษัท โทเทิ่ลแอ็ดเซ็สคอมมูนิเคชั่นฯ (บ.เขาง่าม),2.0,8.338916718,98.786772221
ALA06,40-018255,30,1,DCC_,1.0,8.31415589,98.669098083
ALA06,47-006159,30,1,DCC_,1.0,8.312404967,98.673384845
ALA06,57-004607,30,2,DCC_,1.0,8.364592701,98.647495012
ALA06,37-003616,30,2,DCC_,1.0,8.356839045,98.676138856
ALA06,49-008543,500,7,บริษัท โยควัฒน์ คอนสตรัคชั่น จำกัด(บังกะโล),2.0,8.361579231,98.638149749
ALA06,40-022016,30,2,DCC_,1.0,8.366506936,98.63952287
ALA06,49-118535,100,7,นายไพฑูรย์ กาวาฮาร่า (บ่อกุ้ง),2.0,8.355887855,98.686246954
ALA06,38-014763,30,1,DCC_,1.0,8.367941705,98.701872062
ALA06,58-117012,30,1,รีสอร์ท เมธา ซ่อนกลิ่น,2.0,8.395172086,98.738808547
ALA03,47-006145,30,4,DCC_,1.0,8.501814465,98.829463764
ALA03,49-013243,30,2,DCC_,1.0,8.497749068,98.835755042
ALA07,42-004248,30,4,DCC_,1.0,8.573344133,98.925385008
ALA07,49-012822,30,2,DCC_,1.0,8.493890964,98.8414657
ALA07,42-000723,30,1,DCC_,1.0,8.493701489,98.878220036
ALA07,40-023407,50,7,DCC_,1.0,8.502110347,98.860976472
ALA07,63-010316,30,4,DCC_,1.0,8.494803801,98.887502881
ALA07,38-014682,30,4,,4.0,8.483001213,98.894243915
ALA07,36-020074,30,4,DCC_,1.0,8.475803214,98.8961925
ALA07,42-000747,30,4,DCC_,1.0,8.475803293,98.85708024
ALA07,40-011418,30,4,DCC_,1.0,8.458280942,98.828414756
ALA03,44-006284,30,4,DCC_,1.0,8.565621252,98.86366013
ALA03,40-018116,30,4,DCC_,1.0,8.591789183,98.840778376
ALA03,57-001725,30,4,DCC_,1.0,8.491920504,98.758497745
ALA03,40-019670,30,2,DCC_,1.0,8.530055459,98.785885593
ALA09,65-019993,30,2,บ.นาเหนือ,1.0,8.484339065,98.723254637
ALA05,60-024309,100,7,น.ส.กชกร พวงทอง,1.0,8.457295474,98.737572425
ALA06,69-106592,100,7,CJ MORE สาขาอ่าวลึก,2.0,8.38160582,98.724513156
ALA03,67-016816,100,7,บริษัท อาร์ดี เกษตรพัฒนา จำกัด สาขาปลายพระยา,2.0,8.53952899,98.845358767
ALA06,67-016129,250,7,ม.1 ต.แหลมสัก อ.อ่าวลึก,1.0,8.360650582,98.640287791
ALA06,67-015872,160,7,ม.3 ค.แหลมสัก อ.อ่าวลึก,1.0,8.289262062,98.65448563
ALA09,48-007001,30,1,บริษัท กสท.โทรคมนาคม จำกัด(มหาชน)บ.เขาใหญ่,2.0,8.465626786,98.737476535
ALA09,42-003840,30,1,DCC_,1.0,8.467809028,98.744564008
ALA02,49-013484,30,2,DCC_,1.0,8.332077727,98.770008708
ALA02,24-013111,50,7,DCC_,1.0,8.303526456,98.782386584
ALA02,44-002881,30,4,ไฟสาธารณะบ้านอ่าวลึกน้อย ต.บ้านกลาง (ถนนเพชรเกษม),4.0,8.302518164,98.783503886
ALA06,33-006524,250,7,บริษัทกระบี่พารารับเบอร์ จำกัด,2.0,8.41198365,98.736424464
ALA06,40-013006,30,2,DCC_,1.0,8.368574425,98.729586782
ALA03,63-015825,30,2,รพ.สต.คลองยา,4.0,8.391595489,98.867701286
ALA07,61-108245,30,4,ฟาร์มไก่ นายถวิล  ผ่องศรี,2.0,8.458037839,98.809434543
ALA07,56-014881,30,4,DCC_บ้านโคกเจียก ม. 8 ต.ปลายพระยา,1.0,8.513981294,98.87836321
ALA03,33-002273,30,4,DCC_,1.0,8.659723143,98.820247726
ALA03,58-018458,30,4,ประปาบ้านถ้ำธนาคาร,4.0,8.616294502,98.818651534
ALA06,59-009969,30,1,DCC_บ้านควนวังทอง ม.4 ต.อ่าวลึกใต้,1.0,8.400582912,98.732554811
ALA07,56-016406,30,1,DCC_ซอยสหปาล์ม ม.6 บ้านบางเหียน,1.0,8.546486103,98.875258096
ALA02,60-109355,30,2,บ้านคลองหิน,1.0,8.305744615,98.819405402
ALA03,59-009977,30,1,DCC_บ้านห้วยปริศนา,1.0,8.425938954,98.754021066
ALA03,58-006358,30,2,DCC_บ้านทับเที่ยง,1.0,8.580172214,98.92638913
ALA01,59-107698,30,2,ไฟทางหลวง จุดที่ 7 บ้านในยวนแขก,4.0,8.367326657,98.748445865
ALA01,59-108023,30,2,ไฟทางหลวง ม.4 ต.คลองหิน,4.0,8.293795068,98.791022729
ALA01,59-108022,30,2,ไฟทางหลวง ม.3 ต.บ้านกลาง,4.0,8.323232031,98.772273736
ALA03,59-112676,30,4,ไฟทางหลวง หน้าอนามัยช่องแบก,4.0,8.504957572,98.772690195
ALA07,55-016488,30,1,ฟาร์มไก่ นายโสภน,2.0,8.431739689,98.790825202
ALA01,59-108021,30,2,ไฟทางหลวง ม.3 ต.บ้านกลาง,4.0,8.33318082,98.769269957
ALA06,38-007034,30,4,DCC_ม.2 บ้านเขาล่อม(หลังอนามัย),1.0,8.444326785,98.678023095
ALA06,58-006183,30,4,DCC_ม.2 บ้านเขาล่อม(หน้าอนามัย),1.0,8.44459866,98.684801745
ALA03,00-055891,30,4,DCC_ม.11 บ้านน้ำซ่ำ,1.0,8.562068811,98.861245145
ALA03,59-005644,30,2,DCC_ซ.ทุ่งหยา 1,1.0,8.57206239,98.79868853
ALA06,58-006347,30,4,ไฟสาธารณะ ช่องเขา ควนขนมจีน,4.0,8.373872952,98.740090604
ALA01,58-001957,100,7,DCC_บ้านอ่าวลึกน้อย,1.0,8.299969805,98.747361572
ALA07,56-011513,30,2,DCC_บ้านน้ำจานใต้,1.0,8.400238894,98.754286264
ALA07,52-006117,30,1,DCC_ตรงข้ามโรงเรียนห้วยปริศนา,1.0,8.423249682,98.763416481
ALA03,29-007669,50,7,นายสมชัย แซ่ตัน (ปั้มน้ำมัน),2.0,8.414506838,98.756277707
ALA01,33-004508,160,7,ธนาคารนครหลวงไทยฯ สาขาอ่าวลึก,2.0,8.398850672,98.742192492
ALA01,35-001279,100,7,ซุปเปอร์มาเก็ตนายป่วน,2.0,8.401592057,98.741699865
ALA03,54-011150,100,7,DCC_บ้านปากน้ำ,1.0,8.526224744,98.860817733
ALA03,52-010811,30,4,DCC_บ้านช่องแบก,1.0,8.505359239,98.773159783
ALA03,53-002189,30,2,DCC_ซ.เขายิงหมี บ.คลองพระยา ม.4,1.0,8.455614232,98.892035956
ALA07,53-007364,50,7,โรงอิฐบล็อก นายประมวล ม.3 ต.ปลายพระยา,2.0,8.499832927,98.838097696
ALA07,65-019957,30,4,บ.หนองเอื้อง,1.0,8.451303134,98.825078467
ALA01,65-012320,30,2,อ่าวลึกน้อย,1.0,8.326618418,98.747254368
ALA07,66-007888,30,2,บ้านทับควาย,1.0,8.4125511,98.801340625
ALA07,45-113254,30,1,DCC_,2.0,8.461888963,98.791846136
ALA07,42-000187,30,4,DCC_,1.0,8.479900588,98.852399715
ALA03,67-011159,160,7,อ่างเก็บน้ำคลองหยา ม.3 ต.ปลายพระยา,3.0,8.518299906,98.823570621
ALA09,66-102002,30,1,บ.ตัวอย่าง 1,3.0,8.475849597,98.747130526
ALA02,29-009778,10,2,บ.ห้วยหินเขียน,1.0,8.406709213,98.911523103
ALA07,63-024069,30,4,บ.เขานุ้ย,1.0,8.460822205,98.845815625
ALA02,61-000189,50,7,DCC_บ.ถ้ำเพชร,1.0,8.382315424,98.741772749
ALA03,42-000016,30,1,DCC_,1.0,8.456220418,98.787491407
ALA03,37-011210,250,7,DCC_,1.0,8.448288487,98.785025943
ALA07,35-004029,100,7,DCC_ม.6 บ้านบางเหียน,1.0,8.550715583,98.873538811
ALA07,57-109989,50,7,สวนปาล์มน้ำมันบางเหียน,2.0,8.551106159,98.893403421
ALA06,23-009171,20,1,DCC_,1.0,8.37276501,98.721027667
ALA07,40-024397,50,7,DCC_,1.0,8.410161358,98.752015804
ALA02,51-008401,30,2,DCC_,1.0,8.391494035,98.913329084
ALA03,54-012067,30,4,DCC_บ้าน สีซอ ม. 9 ต.ปลายพระยา,1.0,8.584287863,98.919721415
ALA03,47-116843,30,2,DCC_,2.0,8.422594353,98.821853186
ALA03,45-013047,30,4,DCC_,1.0,8.434853806,98.807763494
ALA03,57-004245,30,1,DCC_,1.0,8.423503095,98.823364039
ALA03,60-032530,30,4,DCC_บ้านสหกรณ์ ซ.3,1.0,8.42767551,98.839340871
ALA07,40-018397,30,4,DCC_บ้านคลองพระยา,1.0,8.483482583,98.894565128
ALA03,38-014713,30,4,DCC_,1.0,8.58838402,98.870606093
ALA03,42-000052,30,4,DCC_,1.0,8.551516512,98.841751548
ALA03,49-013070,30,2,บริษัท โทเทิ่ล แอ็คเซ็สฯ (สถานีฐาน บ.ตัวอย่าง),2.0,8.554203481,98.816092758
ALA03,50-006016,100,7,ประปาตัวอย่าง ต.เขาเขน,4.0,8.554165647,98.821290694
ALA03,59-010594,30,1,DCC_บ้านพรุเสือดำ ม.6 ต.เขาเขน,1.0,8.563890033,98.829416766
ALA03,60-032528,30,1,DCC_,1.0,8.565242385,98.826661556
ALA03,37-014345,100,7,สำนักงานอบต.เขาเขน ต.เขาเขน อ.ปลายพระยา,4.0,8.556165484,98.811497142
ALA03,45-013067,30,2,DCC_,1.0,8.563793809,98.812355652
ALA03,45-004452,30,2,DCC_,1.0,8.572026835,98.824063306
ALA03,40-011457,30,1,DCC_บ้านคลองปัญญา,1.0,8.584675213,98.82204368
ALA03,51-008424,30,1,DCC_,1.0,8.595723425,98.82038004
ALA03,37-003826,30,1,DCC_,1.0,8.664022679,98.848794551
ALA03,37-002811,30,1,DCC_,1.0,8.662642863,98.861109887
ALA07,32-012668,100,7,หน่วยสหกรณ์นิคมอ่าวลึก,4.0,8.47609829,98.813456708
ALA03,49-013530,30,4,DCC_,1.0,8.612870072,98.797465168
ALA03,42-000025,30,4,DCC_,1.0,8.589574848,98.756749806
ALA03,42-000032,30,2,DCC_,1.0,8.596299838,98.784684525
ALA03,38-004112,100,7,บ้านพัก บ.อุตสหกรรมน้ำมันปาล์มจำกัด ม.4 ต.คีรีวง,2.0,8.475291132,98.804578089
ALA03,49-008915,30,2,DCC_,1.0,8.479649879,98.816760797
ALA03,52-010809,30,4,DCC_บ้านช่องแบก,1.0,8.493339006,98.783749626
ALA03,54-011945,30,4,DCC_,1.0,8.558072101,98.862482575
ALA03,40-018117,30,4,DCC_,1.0,8.604099745,98.842835505
ALA03,45-013065,30,4,DCC_,1.0,8.610360929,98.851064355
ALA06,53-110909,160,7,ฝายคลองน้ำตก ม.2 ต.อ่าวลึกใต้,4.0,8.379819801,98.725759162
ALA06,59-009254,30,1,ประปาบ้านหินราว,4.0,8.365301188,98.646462848
ALA07,49-007623,30,1,บริษัท โทเทิ่ลแอ็ดเซ็สคอมมูนิเคชั่นฯ (บ.โคกแซะ),2.0,8.461642775,98.791841699
ALA06,53-005709,50,7,ประปาบ้านบ่อท่อ-ถ้ำเสือ ใ.5,2.0,8.38891861,98.700260522
ALA01,68-001215,30,2,รพ.สต.บ้านกลาง,4.0,8.339052845,98.766415182
ALA01,63-036542,100,7,ประปา อบต.อ่าวลึกน้อย ม.3,2.0,8.302287275,98.737678356
ALA03,64-005571,30,2,อบต.เขาเขน,2.0,8.568131713,98.823686076
ALA06,62-107192,30,2,ไฟสาธารณะ ถ.หน้าเอเชี่ยนปลาม์,4.0,8.384380777,98.715663816
ALA03,63-036404,50,7,ชลประทานกระบี่ อ่างเก็บน้ำห้วยลึก,2.0,8.596261421,98.815055181
ALA07,53-002157,30,2,DCC_DCC_บ้านน้ำจาน  ม.3,1.0,8.411600335,98.822503504
ALA03,54-001418,30,1,โรงน้ำดื่ม นส.รุจิรา  ขวัญพร้อม,2.0,8.584999992,98.82316588
ALA03,58-002289,160,7,เทศบาลปลายพระยา,4.0,8.532721616,98.863987191
ALA06,58-104595,100,7,รีสอร์ท นายชาญฤทธิ์,1.0,8.275784253,98.64909391
ALA02,58-115433,30,2,ไฟทางหลวงชนบท ม.4 ต.คลองหิน,4.0,8.29451372,98.804463343
ALA01,52-116104,50,7,โรงแรมไผ่ทอง,2.0,8.291498336,98.792312715
ALA02,20-002196,10,2,บ.ถ้ำเพชร,1.0,8.376030324,98.766895474
ALA02,63-036624,250,7,ปั๊มบางจาก,1.0,8.363743274,98.751187166
ALA07,65-006993,100,7,โลตัสปลายพระยา,2.0,8.540093717,98.868178618
ALA03,65-019282,50,7,ปลายพระยา,1.0,8.535244143,98.863022009
ALA03,65-019511,50,7,โรงน้ำดื่ม,1.0,8.538375212,98.862784764
ALA03,64-013402,50,7,บจก.ไอ แอนด์ อี เวนเจอร์ส,2.0,8.571031523,98.889202561
ALA01,57-101866,30,2,ฟาร์มไก่ ลักขณา,2.0,8.301288949,98.78296203
ALA01,63-036329,30,4,ไฟทางหลวง บ.ควนโอ-ป่างาม,4.0,8.282056993,98.750236664
ALA02,61-001027,100,7,หจก.กีรติกีาซ,2.0,8.322306432,98.783808467
ALA07,63-015794,30,2,บ.โคกแซะ ม.3 ต.คีรีวง,3.0,8.454408231,98.78881257
ALA01,59-107710,30,2,ไฟทางหลวง หน้าวัดอ่าวลึกเหนือ,4.0,8.392586161,98.742640553
ALA05,60-025113,160,7,DCC_บ้านทุ่งสูง,1.0,8.496562136,98.705055671
ALA02,68-011019,30,2,ถ.ทางหลวง44 อ่าวลึก-บางสวรรค์ ม.3 อ่าวลึกเหนือ,2.0,8.3890397,98.78931117
ALA02,68-011018,30,4,ถ.ทางหลวง44 อ่าวลึก-บางสวรรค์ ม.2 ต.บ้านกลาง,2.0,8.337585131,98.785071231
ALA03,58-104726,160,7,ม.1 ต.ปพย.,3.0,8.533600526,98.859336646
ALA01,35-007994,100,7,นายฉลาด   ธาดากุลธรรม,2.0,8.387203292,98.741896342
ALA01,68-010673,30,4,บ.ควนโอ ม.5 ต.อ่าวลึกน้อย อ.อ่าวลึก จ.กระบี่,1.0,8.278563151,98.74795379
ALA01,32-004666,20,4,ซอยมัสยิดบ้านนาเหนือ ม.1 ต.อ่าวลึกน้อย,1.0,8.311597172,98.755849127
ALA01,31-003163,30,4,บ้านนาเหนือ อ่าวลึกน้อย เครื่อง 1,1.0,8.308537451,98.753997514
ALA01,45-006388,30,2,บังกะโลนายนิล ลงมูลมอญ,2.0,8.332130266,98.769422858
ALA03,42-003529,30,4,DCC_,1.0,8.495915336,98.825585036
ALA03,34-009891,30,1,อ่างเก็บน้ำคลองหยา,4.0,8.513696985,98.832076853
ALA07,41-007424,160,7,โรงเรียนปลายพระยาวิทยาคม,4.0,8.544399479,98.87390805
ALA03,40-002377,30,2,ไฟฟ้าแสงสว่างสามแยกหนองทะเล,4.0,8.555812363,98.90538518
ALA03,40-021887,30,2,DCC_,1.0,8.518375729,98.780333172
ALA03,53-002144,30,2,ประปาบ้านควนเทียนทอง ซ.สหกรณ์8,2.0,8.401526458,98.848810078
ALA03,59-005643,30,4,ประปาสหกรณ์ ซ.13	,1.0,8.372648678,98.886982839
ALA02,68-104764,30,7,-,2.0,8.378686286,98.76896604
ALA05,56-120629,30,2,นายสุทิน  รักษ์หนู บ.ทุ่งสูง,2.0,8.487328802,98.717974182
ALA07,53-001904,30,1,DCC_ซ.วัดบางเงิน,1.0,8.552008147,98.908309723
ALA06,52-010806,30,1,DCC_DCC_บ.แหลมสัก,1.0,8.286912306,98.657040206
ALA07,60-032525,30,2,DCC_บ.ปากน้ำ  ม.1 ต.ปพย.,1.0,8.510471141,98.859257309
ALA03,62-100817,250,7,นายไตรรัตน์  นิลนาค,2.0,8.554186958,98.810768528
ALA03,59-015258,50,7,DCC_จัดสรรนางสุมาลี ต.ปลายพระยา อ.ปลายพระยา,1.0,8.539880101,98.867563151
ALA07,59-010567,30,1,DCC_ม.6 ซอยร่วมใจ บ้านบางเหียน,1.0,8.549985951,98.875851079
ALA01,59-015823,160,7,DCC_บ้านสวนนิกร,1.0,8.369729008,98.74688712
ALA06,60-108666,30,2,ไฟทางหลวง บ่อท่อ - ถ้ำเสือ 2,4.0,8.391562337,98.696015727
ALA06,60-108670,30,2,ไฟทางหลวง บ่อท่อ - ถ้ำเสือ 1,1.0,8.381217191,98.699461187
ALA06,60-104391,250,7,บริษัท ซุปเปอร์ชิป ม.2 ต.อ่าวลึกใต้,2.0,8.384190999,98.727025515
ALA09,59-121295,100,7,เจติยา ซีซีที คอนกรีต,2.0,8.469011173,98.737202362
ALA01,59-112673,30,1,ไฟทางหลวง บ้านหนองถ้ำ,4.0,8.273802282,98.796555205
ALA06,39-005069,160,7,DCC_DCC_หม้อแปลงหน้าสำนักงานประปา,1.0,8.388239423,98.73114808
ALA03,64-105543,30,2,ฟาร์มไก่ นาย กรวิทย์ เพชรตุ้น,2.0,8.426886068,98.826600581
ALA06,64-006122,30,2,หม้อแปลงไฟสาธารณะ เทศบาลอ่าวลึกใต้ หน้าวังทอง,2.0,8.393296719,98.7381163
ALA06,64-107104,30,2,ไฟสาธารณะ เทศบาลอ่าวลึกใต้ ซ.บ่อนไก่,4.0,8.387695815,98.731221246
ALA06,64-107103,30,2,ไฟสาธารณะ เทศบาลอ่าวลึกใต้ ตรงข้ามซอยบ่อนไก่,4.0,8.387852134,98.730754064
ALA03,63-017428,30,2,บ.บางเหียน,1.0,8.557574333,98.846112812
ALA01,53-002163,30,1,DCC_บ้านหินลับ,1.0,8.273723658,98.780564376
ALA06,56-000939,30,4,โรงเรียนบ้านคลองแรด,4.0,8.341490931,98.682230735
ALA02,56-117847,50,7,นายวินัย เกตุทอง,2.0,8.299801823,98.786467779
ALA01,49-008917,30,2,DCC_บ.อ่าวลึกน้อย,1.0,8.319339669,98.745363315
ALA01,63-015784,30,2,DCC_บ.ไร่ใหญ่ ต.อ่าวลึกน้อย,1.0,8.311200855,98.747522141
ALA06,49-007642,30,2,สนามฟุตซอล เทศบาลแหลมสัก,2.0,8.277795226,98.650840484
ALA02,61-112651,100,7,บริษัท นาเหนือ เมทัลชีท อ่าวลึกเหนือ,1.0,8.363651725,98.751501174
ALA03,59-009246,30,4,ไฟทางหลวงบางหล่อ-อ่าวลึก,4.0,8.544133766,98.869377921
ALA02,59-006199,30,2,ประปาทะนา อบต.คลองหิน,2.0,8.312172437,98.816436825
ALA01,65-033775,30,4,บ.กลาง ม.3 ต.บ้านกลาง อ.อ่าวลึก,1.0,8.309865647,98.776329629
ALA02,49-013233,30,2,DCC_,1.0,8.403336226,98.898798729
ALA07,55-118777,160,7,โรงสูบน้ำการประปาส่วนภูมิภาคสาขาอ่าวลึก,2.0,8.394508286,98.759823224
ALA02,25-002819,50,7,DCC_ต.คลองหิน  อ.อ่าวลึก,1.0,8.297853174,98.788405146
ALA07,42-000748,30,4,DCC_,1.0,8.479441214,98.856157421
ALA07,47-006411,30,4,DCC_,1.0,8.463156596,98.828058638
ALA07,42-000188,30,4,ประปาบ้านคีรีวง ม.1ต.คีรีวง อ.ปลายพระยา,4.0,8.458196361,98.809514185
ALA07,36-012793,30,2,DCC_,1.0,8.478566687,98.815990873
ALA07,47-002024,30,4,บ.โทเทิ่ลแอ็คเซ็สสถานีทางสัญญาณบางเหลียว ม.2,2.0,8.449952058,98.854274145
ALA07,40-015555,30,4,DCC_,1.0,8.454214055,98.819901468
ALA07,45-004920,30,4,DCC_,1.0,8.442198647,98.814227399
ALA06,41-005020,30,1,DCC_,1.0,8.401627607,98.723738741
ALA05,60-025088,160,7,DCC_บ้านในยวนไทย ม.3 ต.เขาใหญ่,1.0,8.439440913,98.739033814
ALA06,59-014573,50,7,DCC_บ้านเขาพระ ม.4 ต.อ่าวลึกใต้,1.0,8.387783624,98.726792723
ALA07,60-002966,30,2,DCC_ปป.หลัง ธกส.,1.0,8.403577461,98.751609648
ALA03,60-111799,30,2,ไฟทางหลวงบ้านควนเขียว,4.0,8.557569088,98.812459296
ALA02,60-106113,250,7,ปตท.อ่าวลึกเหนือ,2.0,8.366932798,98.749530819
ALA06,60-110094,30,2,ไฟสาธาระณะ เทศบาลแหลมสัก จุดที่ 4,1.0,8.284155823,98.655506672
ALA01,61-002016,30,4,ประปานาเหนือ อ่าวลึกน้อย ม.1,2.0,8.307802849,98.74992837
ALA06,60-038126,100,7,DCC_บ้านจัดสรร เขาพระ ม.4 ต.อ่าวลึกใต้,1.0,8.387429272,98.727233604
ALA09,59-009244,30,1,ไฟทางหลวง บ้านควนยิงวัว,4.0,8.46867826,98.740556694
ALA03,58-011378,100,7,ไปรษณีย์ อ.ปลายพระยา,4.0,8.536270412,98.86599769
ALA09,59-107707,30,2,ไฟทางหลวง ม.3 ต.เขาใหญ่,4.0,8.440689172,98.739295688
ALA03,65-033794,30,2,แขวงทางหลวงพังงา ถ.ทางหลวง 4009 บ.บางหล่อ-อ่าวลึก,3.0,8.554060811,98.898343294
ALA02,69-100083,250,7,บริษัท ซุปเปอร์ชีป สาขาคลองหิน,2.0,8.290696517,98.79365178
ALA03,65-033773,30,4,บ.นันทศิริ,2.0,8.536560181,98.866294398
ALA03,49-008909,30,4,ประปาบ้านคลองยา ม.6,4.0,8.361864948,98.871932941
ALA07,45-012428,30,4,DCC_,1.0,8.571142673,98.919440589
ALA03,47-006150,30,2,บริษัทโทเท็ลแอ็ดเซิลคอมมูนิเคชั่น บ้านหน้าส่วน ม.9,2.0,8.574535956,98.917503315
ALA03,46-115129,30,4,DCC_,2.0,8.571179456,98.915195425
ALA03,47-006161,30,4,DCC_,1.0,8.632223685,98.795257393
ALA03,54-012066,30,4,DCC_,1.0,8.636968309,98.803035613
ALA03,49-012661,30,1,ประปาหมู่บ้านคลองปัญญา,4.0,8.607419214,98.834613158
ALA01,59-107699,30,4,ไฟทางหลวง จุดที่ 6 บ้านในยงนแขก,4.0,8.36104194,98.752503471
ALA07,60-104468,50,7,สนามกีฬาเทสบาล ต.ปลายพระยา,4.0,8.546214542,98.872578249
ALA03,58-015620,30,4,DCC_บ้านห้วยกรวด สหกรณ์ ซ.3,1.0,8.434132098,98.845528502
ALA03,59-009248,30,4,ประปา ซ.13 อบต.คลองยา,4.0,8.387522426,98.865288639
ALA03,59-015198,50,7,ร้านขายปุ๋ย สหกรณ์นิคมอ่าวลึก,2.0,8.394641189,98.862813757
ALA03,53-002164,30,1,DCC_บ้านสหกรณ์ ซอย 12,1.0,8.398529358,98.87022742
ALA03,56-011717,30,4,DCC_บ้านสหกรณ์ ซอย 10,1.0,8.393779954,98.85485641
ALA03,48-007456,30,4,DCC_บ้านสหกรณ์ ซ.9,1.0,8.426819572,98.873850531
ALA03,65-017641,30,4,สหกรณ์ซอย 17,1.0,8.357909295,98.869376303
ALA03,42-003582,30,4,สหกรณ์ซอย 17,1.0,8.376593204,98.883323318
ALA03,42-003340,30,4,สหกรณ์ซอย 17,1.0,8.366949402,98.876100796
ALA02,63-015824,30,2,บ.เขาแก้ว,1.0,8.368357865,98.913775021
ALA09,63-015663,30,1,เสริมหม้อแปลง บ้านทุ่งสูง,1.0,8.497886445,98.716603258
ALA02,63-017451,30,2,บ.ไซเรียง,1.0,8.315303676,98.836692886
ALA03,63-009169,50,7,นส.นวลจันทร์,1.0,8.574921205,98.745933943
ALA03,63-017717,160,7,บ.บางเหียน,1.0,8.549982002,98.872577861
ALA03,63-032715,50,7,รร.บ้านบางเหียน,4.0,8.553974152,98.877636666
ALA07,63-009123,50,7,บ.อ่าวลึกเหนือ,1.0,8.414380365,98.75686044
ALA03,49-013203,30,1,ประปาหมู่บ้านควนเศียร ม.5,4.0,8.510444282,98.807739533
ALA03,54-001550,30,1,DCC_สหกรณ์ ซอย 10,1.0,8.398870033,98.858736625
ALA06,54-015411,50,7,บ้านพักพนักงานบริษัท เอเชี่ยน จำกัด,1.0,8.383030965,98.7172577
ALA02,63-009122,50,7,DCC_บ.ในยวญไทย,1.0,8.366637143,98.749387556
ALA07,63-017360,30,2,DCC_นาย นราพงษ์,1.0,8.534901577,98.866830236
ALA03,63-024072,30,2,บ้านคลองปัญญา,1.0,8.560168568,98.813677998
ALA07,52-009321,100,7,บมจ.ซีพี ออลล์ปพย.,2.0,8.531447347,98.864515401
ALA03,40-018414,30,2,DCC_,1.0,8.527985372,98.807362334
ALA03,28-008833,30,1,DCC_,1.0,8.499449579,98.802843655
ALA03,38-015118,30,1,DCC_,1.0,8.50709278,98.835494166
ALA07,40-022279,30,1,DCC_,1.0,8.554162341,98.912622937
ALA07,40-022280,30,1,DCC_,1.0,8.549357865,98.907464961
ALA07,44-003350,30,2,DCC_,1.0,8.581186907,98.929694296
ALA03,51-008580,30,2,DCC_,1.0,8.567409889,98.797598468
ALA07,42-000746,30,1,DCC_,1.0,8.494237728,98.869357751
ALA03,48-006656,30,2,บริษัท กสท.โทรคมนาคม จำกัด(มหาชน)(บ.ปลายพระยา),2.0,8.524924515,98.859523875
ALA03,48-008084,50,7,โรงผลิตน้ำดื่มชุมชนปากน้ำ,2.0,8.527409421,98.85838441
ALA02,53-001932,30,1,DCC_บ.ศาลาพระม่วง ม.1,1.0,8.287423852,98.808464285
ALA02,53-002057,30,2,DCC_บ.ถ้ำเพชร  ม.6,1.0,8.388080964,98.780073796
ALA03,65-012326,50,7,จัดสรร ทนงศักดิ์,1.0,8.535903366,98.85128973
ALA03,20-002226,10,2,บ.คลองปัญญา,1.0,8.563809166,98.820425542
ALA09,33-000333,10,1,บ.ทุ่งสูง,1.0,8.491673334,98.723300564
ALA03,63-036330,30,2,ปะปาหมู่บ้าน,3.0,8.410227151,98.873058802
ALA03,57-004884,100,7,7-11 สหกรณ์ ม.5,2.0,8.405413427,98.848022165
ALA07,57-004618,30,2,DCC_ม.2 บ้านน้ำจาน (ปป.),1.0,8.397677085,98.752262438
ALA06,57-004210,30,2,DCC_ม.6 บ้านบ่อท่อ (ปป.),1.0,8.380555249,98.699293851
ALA03,59-100993,30,2,ไฟสาธารณะ บ้านเขายิงหมี,4.0,8.461898997,98.892874967
ALA03,58-006190,30,2,DCC_บ้านทะเลหอย ม.6,1.0,8.67327359,98.875483241
ALA02,58-018457,30,2,ประปาบ้านห้วยลึก ต.คลองยา,4.0,8.387388772,98.902173278
ALA01,36-020430,100,7,บริษัทผลิตภัณฑ์และวัตถุก่อสร้าง,2.0,8.397648841,98.742397789
ALA06,58-010792,50,7,ไฟสาธารณะเทศบาลอ่าวลึกใต้,4.0,8.382463679,98.725531706
ALA03,58-940191,30,2,DCC_วัชรี หนูหมอก ม.7 ต.ปลายพระยา,1.0,8.565341314,98.911656212
ALA07,31-005771,100,7,DCC_หนัาโรงเรียนอ่าวลึกประชาสรรค์,1.0,8.399473196,98.742538897
ALA01,52-006111,30,4,DCC_บ้านควนโอ ม.5 ต.อ่าวลึกน้อย,1.0,8.270188922,98.752398028
ALA03,49-013241,30,2,DCC_,1.0,8.49134877,98.770593371
ALA03,42-000874,30,4,DCC_,1.0,8.466313039,98.777142152
ALA03,33-005842,100,7,สหกรณ์นิคมอ่าวลึก,4.0,8.450880219,98.786006725
ALA07,99-009999-10,100,7,,4.0,8.51233693,98.858849277
ALA07,40-023371,50,7,DCC_,1.0,8.512121015,98.859313368
ALA03,30-005742,30,1,DCC_,1.0,8.574461458,98.88705197
ALA03,45-013270,30,4,DCC_,1.0,8.661694165,98.878171354
ALA03,58-940527,30,2,DCC_ม.9 บ้านช่องหลำ,1.0,8.580067743,98.909124792
ALA03,42-004249,30,4,บริษัท ยูนิวานิชน้ำมันปาล์ม จำกัด(บ้านพักคนงาน),2.0,8.5858512,98.918281043
ALA03,68-001230,30,4,ถ.เขาต่อ-ปลายพระยา เลยป่าไม้บ้านตัวอย่าง ม.2,4.0,8.556337242,98.781807675
ALA06,38-010133,50,7,โรงอิฐ ซอยพรหมบุตร,2.0,8.381994156,98.720325524
ALA03,60-002926,30,2,ฟาร์มไก่ นางปานใจ,2.0,8.431949365,98.872117833
ALA07,59-100246,30,1,ไฟสาธารณะ ม.4 ต.ปลายพระยา ถ.เซาเทริน,4.0,8.50310005,98.884587981
ALA07,58-104948,30,4,ม.2 ต.คีรีวง,3.0,8.448499714,98.831626142
ALA03,42-003556,30,2,DCC_,1.0,8.398165913,98.864102211
ALA03,42-003557,30,2,DCC_,1.0,8.407673652,98.871232209
ALA03,42-003516,30,1,DCC_,1.0,8.422305767,98.8776597
ALA03,29-000798,20,1,DCC_,1.0,8.415999464,98.871602327
ALA03,59-009970,30,2,DCC_บ้านสหกรณ์ ซอย 9(ปากซอย),1.0,8.401400693,98.854113724
ALA03,47-116144,30,2,AIS ปากซอย สหกรณ์ซอย 9,2.0,8.401915992,98.853662768
ALA03,51-116938,30,1,ทรูมูฟ บ้านสหกรณ์,2.0,8.401714893,98.853921316
ALA03,53-002161,30,2,DCC_บ้านสหกรณ์ ซอย 8,1.0,8.412883018,98.857704563
ALA03,42-000051,30,4,DCC_,1.0,8.423567984,98.87141023
ALA03,48-006651,30,4,บริษัท กสท.โทรคมนาคม จำกัด(มหาชน)(บ.คลองยา),2.0,8.397095078,98.86047604
ALA03,40-018415,30,2,DCC_,1.0,8.533228505,98.811039527
ALA03,54-000770,30,1,DCC_,1.0,8.505020895,98.813363967
ALA03,42-000059,30,1,DCC_,1.0,8.490286999,98.814736322
ALA03,42-003163,30,4,DCC_,1.0,8.380998885,98.868748244
ALA03,49-013198,30,1,DCC_,1.0,8.415814453,98.88758927
ALA03,44-006298,30,1,DCC_,1.0,8.450500738,98.858014847
ALA07,41-005293,30,4,DCC_,1.0,8.446567974,98.841927046
ALA07,35-009049,30,4,DCC_,1.0,8.437527889,98.839833246
ALA07,49-013352,30,4,DCC_,1.0,8.438551776,98.827202429
ALA07,40-015554,30,4,DCC_,1.0,8.452501407,98.811766868
ALA03,42-003322,30,1,DCC_,1.0,8.392164729,98.871244334
ALA03,42-003162,30,1,DCC_,1.0,8.403791365,98.879888915
ALA03,51-009209,30,1,ประปาหมู่บ้านสหกรณ์ ซอย 13 ม.3,4.0,8.409381991,98.883806606
ALA03,42-000606,30,1,DCC_,1.0,8.393321595,98.877987932
ALA03,42-000605,30,1,DCC_,1.0,8.395702362,98.88392015
ALA03,42-000789,30,1,DCC_,1.0,8.401488824,98.88405017
ALA03,42-003323,30,1,DCC_,1.0,8.406943092,98.876527561
ALA06,62-003024,30,2,DCC_บ.เขาล่อม,4.0,8.445033966,98.731884247
ALA03,63-017349,30,2,นายสุทิน มะลิเครือ,2.0,8.522214248,98.781090074
ALA07,59-009245,30,4,ฟาร์มไก่ นางจินดา นกทอง,2.0,8.451918109,98.851183062
ALA09,58-006357,30,2,DCC_บ้านเขาใหญ่ หินดาน,1.0,8.468557068,98.73709891
ALA01,41-005294,30,1,DCC_บ้านหินลับ ม.3 ต.คลองหิน,1.0,8.273504773,98.795372159
ALA03,54-000672,30,4,DCC_บ้านทะเลหอย,1.0,8.647268823,98.855017597
ALA03,55-119712,30,2,รีสอร์ทนายศิริ อุ่นอก,2.0,8.573401784,98.917116463
ALA09,65-019997,30,1,บ.เขาคราม,4.0,8.453244386,98.738618198
ALA09,65-019992,30,2,บ้านทุ่งสูง,4.0,8.490123853,98.714919824
ALA09,65-019991,30,1,บ้านทุ่งสูง,4.0,8.494777209,98.708289992
ALA09,65-019989,30,1,บ.เขาล่อม,1.0,8.445445445,98.739570582
ALA03,65-019983,30,2,ไฟถนน,1.0,8.554939439,98.812210577
ALA07,42-000254,30,1,ซอยวัดบางเงิน,1.0,8.55297926,98.910321618
ALA06,63-024076,30,2,ประปาบ้านคลองแรด,2.0,8.366322122,98.643049831
ALA03,65-019443,30,2,บ้านน้ำซ่ำ,1.0,8.547336647,98.855595775
ALA03,65-033764,30,2,บ้านบางโสก,1.0,8.59509034,98.76424839
ALA07,60-001366,30,1,บ.โคกเจียก,1.0,8.506225589,98.886295526
ALA02,65-019441,30,4,บ้านกลาง,1.0,8.336362789,98.78161126
ALA07,42-000724,30,4,DCC_,1.0,8.511781564,98.884192433
ALA07,55-940217,30,1,DCC_,1.0,8.548640633,98.879766402
ALA03,42-000031,30,2,DCC_,1.0,8.5895873,98.776336197
ALA03,38-007166,30,1,DCC_,1.0,8.484799614,98.793523798
ALA03,26-010098,20,4,DCC_DCC_,1.0,8.581580971,98.87425903
ALA03,40-018096,30,4,DCC_,1.0,8.618548768,98.849765407
ALA03,42-004648,30,4,DCC_,1.0,8.56325289,98.855631927
ALA02,54-001558,30,2,บ.ถ้ำเพชร,1.0,8.388375055,98.791327885
ALA06,60-038064,50,7,ประปาบ้านเขาวงศ์ ม.2 ต.อ่าวลึกใต้,2.0,8.371587869,98.733186658
ALA09,67-114511,100,7,ม.4 ต.เขาใหญ่ อ.อ่าวลึก,2.0,8.483134939,98.730834545
ALA03,63-017404,30,1,มป.บางใหญ่,1.0,8.460893927,98.863077163
ALA03,53-010255,30,2,บ้านนารั้ง ต.เขาเขน อ.ปลายพระยา จ.กระบี่,1.0,8.528095797,98.785560825
ALA03,60-002082,30,2,บ.นาเทา ม.2 ต.เขาเขน อ.ปลายพระยา จ.กระบี่,1.0,8.523478343,98.782754225
ALA03,58-013767,30,1,สหกรณ์ ซ.18 อ.ปลายพระยา จ.กระบี่,1.0,8.3721596,98.885586732
ALA01,69-300042,50,7,ปอเนาะ นายสุวิทย์ อุมาสะ,2.0,8.282672585,98.796611094
ALA01,60-002789,30,2,ประปา ม.3 อ่าวลึกน้อย,2.0,8.300430479,98.740748402
ALA06,62-001442,30,4,DCC_DCC_ห้องแถว นางรุสล่า  กะหรีม,1.0,8.292545437,98.659510655
ALA03,60-100864,100,7,โรงน้ำดื่ม เครือฟ้า ศรีเฝือก,2.0,8.575048669,98.745781324
ALA07,63-017405,30,2,บ้านโคกแซะ,1.0,8.467846721,98.796931071
ALA03,65-108881,30,2,หม้อแปลง นาย อาณัติ อุทัชกุล,4.0,8.539899831,98.843159976
ALA02,60-039213,160,7,ร้าน KFC ปตท.อ่าวลึกเหนือ,2.0,8.366885659,98.749452111
ALA02,66-110729,160,7,สถานีอัดประจุ EV ปั๊ม ปตท,2.0,8.367282382,98.749145843
ALA07,66-111855,250,7,PEA VOLTA สถานีอัดประจุไฟฟ้า กฟภ.,4.0,8.499221045,98.881769437
ALA07,53-002140,30,4,บ.วังจา,1.0,8.52930222,98.873936393
ALA06,66-020567,160,7,สนง.อบต.อ่าวลึกใต้,4.0,8.384513952,98.715327409
ALA03,68-010681,30,2,ถ.เขาต่อ-ปลายพระยา ม.3 ต.เขาเขน,4.0,8.556107092,98.799103149
ALA03,68-010680,30,2,ถ.เขาต่อ-ปลายพระยา เลยปากทางบางโสก ม.5,4.0,8.575465744,98.756014522
ALA07,67-107963,30,4,ไฟทางหลวงแขวง บ.วังจา,4.0,8.530157238,98.87053805
ALA03,67-018975,30,4,ไฟทางหลวง แขวงพังงา บ้านหน้าสวน,4.0,8.563536141,98.910417582
ALA06,52-010810,30,4,DCC_บ้านเขาล่อม(ทุ่งคาดีกัน),1.0,8.448916398,98.698005336
ALA06,41-005019,30,4,DCC_,1.0,8.453456778,98.698193309
ALA07,42-003517,30,1,DCC_,1.0,8.424655411,98.798040025
ALA06,25-003200,100,7,DCC_,1.0,8.373770798,98.709343239
ALA06,28-009875,30,2,DCC_,1.0,8.38254988,98.699776317
ALA06,26-001200,20,2,DCC_,1.0,8.39194933,98.697982075
ALA06,52-115699,100,7,นายสมทรง  กูลกิจ (ฟาร์มเลี้ยงไก่),2.0,8.445208465,98.727944066
ALA06,37-003781,30,2,DCC_เขาล่อม ลูกที่ 3,1.0,8.447073073,98.716704178
ALA06,41-005248,30,1,DCC_,1.0,8.469192363,98.71427084
ALA02,52-010808,30,2,DCC_บ้านช่องไม้ดำ,1.0,8.300051456,98.889061634
ALA02,40-022168,30,2,DCC_,1.0,8.358444934,98.789511242
ALA02,47-006410,30,2,DCC_บ้านเขางาม,1.0,8.360321974,98.785664212
ALA02,49-014074,30,2,DCC_,1.0,8.365702885,98.785042414
ALA02,45-012407,30,2,DCC_,1.0,8.353934206,98.784416287
ALA01,60-002915,30,2,DCC_บ้านหินลับ ม.3 ต.คลองหิน,1.0,8.27149036,98.789709945
ALA01,54-001545,30,2,DCC_บ้านอ่าวลึกน้อย,1.0,8.296879436,98.751950366
ALA03,60-102542,30,1,ฟาร์มไก่ นายสุรึง,2.0,8.493279668,98.805763782
ALA02,59-101289,50,7,อนุภาษมอเตอร์ ม.1 ต.นาเหนือ,2.0,8.373819227,98.74485545
ALA07,54-001557,30,1,นายวีระชัย  ปากลาว,1.0,8.42271129,98.763224236
ALA07,55-111836,50,2,รีสอร์ทนายบดินทร์ ศรีเงินงาม,1.0,8.541286143,98.872354231
ALA01,41-005291,30,4,DCC_บ.ควนโอ-ป่างาม,1.0,8.282771671,98.755432153
ALA03,67-110844,30,2,สนง.ทางหลวงที่14 ถ.สหกรณ์-บ้านเขาแก้วจุดที่ 1,3.0,8.41182409,98.838742808
ALA02,67-110849,30,2,สนง.ทางหลวงชนบทที่ 14 ถ.สหกรณ์-บ.เขาแก้ว จุดที่6,3.0,8.372413075,98.90236222
ALA01,65-026783,30,2,แขวงทางหลวงพังงา,4.0,8.345894806,98.762309723
ALA06,66-003871,100,7,SHOP เบทาโกร อ่าวลึก,2.0,8.386216248,98.728877924
ALA02,65-026164,30,2,แขวงทางหลวง,4.0,8.408846786,98.739607274
ALA03,65-113829,30,4,ไฟทางหลวง,4.0,8.63544152,98.803948346
ALA06,66-014139,160,7,ตลาดอ่าวลึกใต้,1.0,8.3957479,98.741276512
ALA05,65-109995,30,2,บ.เขาใหญ่,4.0,8.469605014,98.736695393
ALA02,65-026784,30,4,บ.กลาง,4.0,8.3386772,98.767413478
ALA01,65-026786,30,2,บ.หนองถ้ำ,4.0,8.27656602,98.801036513
ALA06,59-123619,30,4,ไฟทางหลวง แขวงชนบทกระบี่,4.0,8.441386265,98.685362078
ALA03,60-113786,30,4,ไฟทางหลวง บ้านแก้ว,4.0,8.421535687,98.826008215
ALA03,60-113730,30,2,ไฟทางหลวง บ้านตัวอย่าง,1.0,8.555085947,98.811898725
ALA02,60-002943,30,1,DCC_บ้านศาลาพระม่วง,1.0,8.287779761,98.81281209
ALA09,59-107705,30,2,ไฟทางหลวงกลับรถ หน้าป่าไม้ทุ่งสูง ม.4 ต.เขาใหญ่,4.0,8.476496594,98.731707149
ALA06,63-009568,100,7,CP ALL,2.0,8.280919337,98.65370054
ALA03,58-020504,30,1,ประปาซอยสหกรณ์12,2.0,8.410855118,98.879836281
ALA02,38-010333,100,7,บ้านกลาง,1.0,8.32147515,98.777682492
ALA09,66-102003,30,1,บ.หินดาน,2.0,8.482244115,98.75447073
ALA03,65-017638,30,4,ปะปา ซอย 10,4.0,8.385336735,98.848957747
ALA03,65-113830,30,4,ไฟทางหลวง,4.0,8.626436115,98.814605434
ALA06,57-113498,250,7,วัดแหลมสัก,1.0,8.278350761,98.650222697
ALA06,58-000031,100,7,ประปาบ้านสมิหลัง,4.0,8.312831288,98.664877847
ALA06,57-100787,30,2,นายกำพล  ศุภชัย  ม.5  ต.อ่าวลึกใต้,2.0,8.415702407,98.695893982
ALA03,58-015618,30,4,DCC_ซอยหนองทุ่ง,1.0,8.557030023,98.877532614
ALA07,58-006484,30,4,สหกรณ์นิคม อ่าวลึก,2.0,8.441076195,98.849365851
ALA01,58-007861,250,7,DCC_โครงการบ้านสวนนิกร,1.0,8.371115691,98.745691238
ALA01,54-011944,30,1,DCC_บ้านเขาหลัก,1.0,8.408224014,98.739504917
ALA02,54-000665,30,2,DCC_บ้านเหนือคลองเขาง่าม,1.0,8.340735667,98.779565403
ALA03,42-004472,30,4,DCC_ไม่ระบุ,1.0,8.556023628,98.799883307
ALA06,60-108669,30,4,ไฟทางหลวง เทศบาลแหลมสัก,4.0,8.358636814,98.689383156
ALA01,63-036332,30,2,ไฟทางหลวง บ.กลาง,4.0,8.316812227,98.77421166
ALA02,55-940219,30,2,บ.ทุ่งค้อ-ควนสบาย ม.2 คลองหิน,1.0,8.322224385,98.809693133
ALA06,57-001515,30,2,บ.หินราว,1.0,8.366670587,98.641668004
ALA09,63-017419,30,2,บ.หินดาน,1.0,8.454765692,98.738213802
ALA02,53-007251,30,4,DCC_บ้านกลาง ถ.เซาเทิร์น ม.2 ต.บ้านกลง,1.0,8.325558325,98.788581985
ALA09,54-000666,30,2,DCC_บ้านทุ่งสูง,1.0,8.48236404,98.72683856
ALA06,49-008935,30,4,DCC_ม.2 บ้านอ่าวน้ำ,1.0,8.312980708,98.647288858
ALA03,56-000942,30,1,โรงเรียนบ้านคลองยา,4.0,8.396530406,98.881657889
ALA07,26-005675,20,2,บ้านบางเหียน ต.ปลายพระยา,1.0,8.55307364,98.895241518
ALA06,60-025038,50,7,ปอเนาะ นายสุกาหรี  อารยวัฒนกุล,4.0,8.384452648,98.699690721
ALA07,63-028857,500,7,รพ.ปลายพระยา,4.0,8.532620918,98.866127856
ALA03,68-000648,100,7,ตลาดปลายพระยา,1.0,8.530398015,98.862823722
ALA03,38-007266,30,2,บ้านน้ำซ่ำ,1.0,8.546006864,98.858438565
ALA07,49-013061,30,1,บริษัท โทเทิ่ล แอ็คเซ็สฯ (สถานีฐาน บ.อ่าวลึกเหนือ),2.0,8.411937844,98.754408996
ALA01,49-013524,30,4,DCC_,1.0,8.297245434,98.7838189
ALA01,51-007950,160,7,DCC_,1.0,8.300728724,98.742341479
ALA06,40-002386,30,4,DCC_,1.0,8.316832304,98.645674945
ALA02,38-007227,30,4,DCC_,1.0,8.30544852,98.825070203
ALA02,40-019796,30,1,สถานีอนามัยบ้านหนองหลุมพอ,4.0,8.28932865,98.796611671
ALA06,42-003297,30,2,DCC_,1.0,8.417304261,98.716734565
ALA07,49-008891,30,1,DCC_,1.0,8.432341288,98.786153133
ALA03,42-000869,30,4,DCC_,1.0,8.447434666,98.751212189
ALA09,60-002919,30,2,DCC_ม.3 บ้านในยวนไทย,1.0,8.443924096,98.739299259
ALA09,40-021984,30,1,DCC_,1.0,8.49923552,98.714607651
ALA06,45-004889,30,4,DCC_,1.0,8.458135768,98.684091116
ALA06,40-022271,30,1,DCC_,1.0,8.464428273,98.710716344
ALA02,50-114877,50,2,องค์การบริหารส่วนตำบลคลองยา,4.0,8.364847211,98.900857535
ALA02,41-005281,30,2,DCC_,1.0,8.305541677,98.886543832
ALA02,33-002267,30,2,งานสวนป่าอ่าวลึก,4.0,8.332334737,98.876000791
ALA02,41-005316,30,2,DCC_,1.0,8.332555112,98.876939234
ALA02,40-021945,30,2,DCC_,1.0,8.34038115,98.88579589
ALA02,49-013082,30,2,DCC_,1.0,8.333760105,98.898005828
ALA02,47-000159,100,7,บริษัทพิธารปาล์มพัฒนา ม.4 ต.คลองยา,2.0,8.312590872,98.834515631
ALA02,52-113555,160,7,DCC_DCC_,2.0,8.314884812,98.851318159
ALA02,38-010261,250,7,DCC_,1.0,8.292454915,98.792598056
ALA07,63-015830,30,2,รพ.สต.โคกแซะ,4.0,8.460569039,98.79177968
ALA01,40-013143,30,2,ในยวญแขก,1.0,8.357782208,98.745413739
ALA03,65-017632,30,1,ไฟทางหลวง บางหล่อ,4.0,8.552460608,98.888990405
ALA03,65-017631,30,4,ไฟถนน บางหล่อ,4.0,8.553586181,98.877320412
ALA06,67-015626,100,7,เซเว่น PTTOR ช่องเขา,2.0,8.385173352,98.71497515
ALA03,61-102591,30,2,อารอบ สกุลแก้ว 267 ม.1  ต.คีรีวง อ.ปลายพระยา,1.0,8.444459095,98.794958997
ALA02,68-105240,30,4,ไฟทางหลวง แขวงชนบทกระบี่,4.0,8.316113119,98.844383965
ALA02,68-105241,30,2,ไฟทางหลวง แขวงชนบทกระบี่,4.0,8.323722861,98.856797157
ALA02,68-105242,30,1,ไฟหลวงแขวงชนบทกระบี่,4.0,8.36498261,98.909018294
ALA02,00-113557,50,7,-,2.0,8.367809931,98.74890327
ALA01,36-020134,30,2,DCC_,1.0,8.27706987,98.769158986
ALA01,24-006884,50,7,โรงเรียนคลองหินพิทยาคม,2.0,8.275526392,98.799756049
ALA02,49-013071,30,1,DCC_,1.0,8.340007228,98.766554416
ALA02,48-007422,30,1,DCC_,1.0,8.326569505,98.771668823
ALA05,32-008381,20,4,DCC_,1.0,8.429111227,98.731868401
ALA06,59-022273,160,7,DCC_บ้านทุ่งออก,1.0,8.376814383,98.726129598
ALA06,37-007867,100,7,สถานีตำรวจภูธรอำเภออ่าวลึก,4.0,8.377601841,98.722751114
ALA07,40-022297,30,2,DCC_,1.0,8.393880867,98.776252586
ALA07,33-005031,100,7,ประปาหมู่บ้านเหนือ ม.6,4.0,8.392761323,98.757447405
ALA07,38-007222,30,2,DCC_,1.0,8.404624271,98.762437962
ALA07,38-007223,30,2,DCC_,1.0,8.404785789,98.756100828
ALA06,63-036626,250,7,DCC_,1.0,8.377031329,98.721761635
ALA06,38-010218,250,7,DCC_,1.0,8.377636314,98.720929681
ALA06,42-001289,30,4,บริษัท โทเทิ่ลแอ็คเซ็ส ฯม.2 ต.อ่าวลึกใต้,2.0,8.382332089,98.71760931
ALA06,36-020542,100,7,DCC_,1.0,8.383851815,98.725169544
ALA01,45-004946,30,4,DCC_,1.0,8.283556983,98.7587538
ALA01,49-013480,30,4,ประปาบ้านนาเหนือ,4.0,8.313127589,98.764645958
ALA07,44-001694,100,7,DCC_,1.0,8.399445521,98.745396823
ALA01,25-002627,50,7,หจก.พรภักดีอ่าวลึก,2.0,8.393950564,98.742657158
ALA01,20-001101,100,7,ธนาคารกรุงเทพ จำกัด อ่าวลึก  ึ,2.0,8.395729422,98.742605574
ALA01,40-000216,160,7,DCC_,1.0,8.388709133,98.742128978
ALA01,52-115380,100,7,นายมนตรี สุทธิรักษ์(รีสอร์ท),2.0,8.389070984,98.740122204
ALA06,48-000658,250,7,อุทยานแห่งชาติธารโบกขรณีอ่าวลึก ม.2 ต.อ่าวลึกใต้,4.0,8.388724999,98.733824754
ALA02,49-118203,250,7,บริษัท โตโยต้าอันดามันกระบี่ จำกัด สาขาอ่าวลึก,2.0,8.386169307,98.742311016
ALA05,40-021946,30,4,DCC_,1.0,8.485683837,98.704190585
ALA01,44-002912,30,1,ไฟสาธารณะบ้านอ่าวลึกน้อย ต.บ้านกลาง (ถนนเพชรเกษม),4.0,8.30531122,98.77981464
ALA01,49-014073,30,1,DCC_,1.0,8.299868905,98.773240381
ALA01,36-008702,100,7,สนง.อบต.อ่าวลึกน้อย,4.0,8.296337857,98.755836016
ALA01,41-005027,30,1,สถานีอนามัยบ้านอ่าวลึกน้อย,4.0,8.295627112,98.753458107
ALA01,62-004221,30,4,DCC_,1.0,8.300745992,98.745113622
ALA01,62-004220,30,2,DCC_,1.0,8.300527531,98.738128188
ALA06,63-009173,50,7,ประปาหมู่บ้านแสนสุข ม.3 ต.แหลมสัก,2.0,8.283796699,98.654032876
ALA06,58-006182,30,4,DCC_บ้านอ่าวน้ำ ลูกที่ 1,1.0,8.312790289,98.654976826
ALA06,51-009197,30,4,DCC_,1.0,8.324966774,98.645380611
ALA02,28-008392,30,4,DCC_,1.0,8.336928578,98.798025182
ALA02,42-000117,30,4,DCC_,1.0,8.34349712,98.80967218
ALA06,33-003498,160,7,บริษัททีเอสพีมารีน จำกัด,2.0,8.293050783,98.661332499
ALA06,41-005313,30,4,DCC_,1.0,8.324841095,98.666366998
ALA06,40-021829,30,2,DCC_,1.0,8.353847455,98.65161045
ALA06,46-009466,30,4,ประปาหมู่บ้านแหลมสัก ม.5 ต.แหลมสัก อ.อ่าวลึก,4.0,8.340418235,98.682490049
ALA06,54-001560,30,2,DCC_,1.0,8.429361213,98.715214878
ALA06,29-003610,250,7,บริษัทเจียรวานิชน้ำมันปาล์ม จก,2.0,8.390098385,98.72417096
ALA06,49-013064,30,2,DCC_,1.0,8.406252407,98.701594599
ALA06,41-005213,30,2,DCC_,1.0,8.421788085,98.66745084
ALA07,42-003594,30,2,DCC_,1.0,8.420679807,98.781325686
ALA07,42-004642,30,2,DCC_,1.0,8.437161005,98.779861912
ALA06,32-010001,20,2,DCC_,1.0,8.397103651,98.692068258
ALA06,32-010133,20,2,DCC_,1.0,8.444684967,98.723597058
ALA03,59-010568,30,2,DCC_บ้านควนทราย ม.6,1.0,8.606240438,98.835161772
ALA03,37-005783,30,2,DCC_บ้านควนทราย ม.6,1.0,8.596707945,98.833966494
ALA03,59-010577,30,2,รร.บ้านคลองพวน,4.0,8.640346537,98.891841355
ALA01,61-000323,50,7,DCC_บ.ถ้ำเพชร,1.0,8.381069657,98.741406417
ALA01,61-000322,50,7,DCC_บ.ถ้ำเพชร,1.0,8.37628843,98.742582959
ALA02,63-017420,30,2,DCC_บ้านเขาง่าม,1.0,8.374197791,98.834320044
ALA07,63-008665,30,2,บ.น้ำจานใต้,3.0,8.403383032,98.810676055
ALA02,56-016450,30,2,บ.เขารอบ ม.2 ต.คลองหิน,1.0,8.306102005,98.79549604
ALA06,53-002135,30,4,บ้านจัดสรร นายพันธศักดิ์,1.0,8.37778567,98.727653135
ALA02,66-105671,160,7,ปั๊มน้ำมัน บจก.เมืองทอง99เฮง,2.0,8.297017339,98.789484866
ALA03,45-012261,30,4,บ้านทะเลหอย,1.0,8.63623277,98.857265348
ALA06,35-000006,100,7,บ้านในใส,1.0,8.325833432,98.671861769
ALA01,66-234816,160,7,ปั๊มบางจาก ในยวญแขก,2.0,8.364519776,98.750094058
ALA03,29-009773,10,4,บ.มะนาวหวาน,1.0,8.658067675,98.875524821
ALA07,59-022277,160,7,บ.อ่าวลึกเหนือ,1.0,8.398501609,98.744628435
ALA06,47-002058,30,2,บ้านคลองแรด,1.0,8.347000199,98.683331748
ALA02,67-028378,30,2,ไฟทางหลวงแขวงทางหลวงพังงาน ถ.เซาเทิร์น จดที่1,4.0,8.314298964,98.787639267
ALA06,41-005282,30,4,อนามัยเขาล่อม,1.0,8.443994554,98.682389707
ALA03,61-000690,100,7,วัดทะเลหอย,1.0,8.625636874,98.844565035
ALA02,32-004510,20,2,บ้านทุ่งค้อ,1.0,8.308237561,98.817472062
ALA02,54-001561,30,2,บ้านทุ่งค้อ,1.0,8.315650193,98.809609649
ALA07,36-003044,30,4,ซอยวงดอกเอื้อง,1.0,8.447436763,98.823770498
ALA06,65-107444,160,7,ร้าน MR.DIY อ่าวลึก,2.0,8.383666423,98.726536667
ALA03,67-028429,30,2,บ.ช่องแบก ม.1 ต.เขาเขน อ.ปลายพระยา,1.0,8.510790834,98.778876056
ALA01,67-034542,30,4,ไฟทางหลวงแขวงทางหลววงพังงาจุด3,4.0,8.394798932,98.742909117
ALA03,67-028465,30,2,ถ.เขาต่อ-ปลายพระยา ทางหลวง4197 ต.เขาเขน,4.0,8.542446888,98.83708009
ALA03,67-028464,30,2,ถ.เขาต่อ ปลายพระยา ทางหลวง1497,4.0,8.545212563,98.831605782
